,R[t],IAT[t],IAT[t-1],IATC[t],IATC[t-1],BD[t],BD[t-1],BDC[t],BDC[t-1]
2015-03-10,0.04614,1.824856254,1.728711854,1,1,1.123566623,0.945681969,1,1
2015-03-11,0.1,1.740662005,1.824856254,0,1,1.531308254,1.123566623,1,1
2015-03-12,-0.011513,1.748736183,1.740662005,1,0,1.419862447,1.531308254,0,1
2015-03-13,0.002811,1.496696626,1.748736183,0,1,1.125709812,1.419862447,0,0
2015-03-16,0.034842,1.966490407,1.496696626,1,0,1.160000829,1.125709812,1,0
2015-03-17,-0.029799,1.941908816,1.966490407,0,1,1.169645178,1.160000829,1,1
2015-03-18,0.036697,2.12792793,1.941908816,1,0,1.277340405,1.169645178,1,1
2015-03-19,-0.020008,2.64953639,2.12792793,1,1,1.206079384,1.277340405,0,1
2015-03-20,-0.00746,1.870428866,2.64953639,0,1,1.067843719,1.206079384,0,0
2015-03-23,0.066456,2.493503133,1.870428866,1,0,1.184111701,1.067843719,1,0
2015-03-24,-0.007418,2.716560351,2.493503133,1,1,1.120887637,1.184111701,0,1
2015-03-25,0.100149,2.485861665,2.716560351,0,1,1.355030992,1.120887637,1,0
2015-03-26,0.00034,2.078341246,2.485861665,0,0,1.305737654,1.355030992,0,1
2015-03-27,0.10017,2.113823437,2.078341246,1,0,1.352887803,1.305737654,1,0
2015-04-15,0.1,2.561272829,2.113823437,1,1,2.894376203,1.352887803,1,1
2015-04-16,0.099888,2.565351347,2.561272829,1,1,2.23320252,2.894376203,0,1
2015-04-17,-0.017857,2.807503029,2.565351347,1,1,2.111576567,2.23320252,0,0
2015-04-20,-0.1,2.338970551,2.807503029,0,1,1.725802619,2.111576567,1,0
2015-04-21,0.040693,2.25893768,2.338970551,0,0,1.644361453,1.725802619,0,1
2015-04-22,0.020799,3.213145304,2.25893768,1,0,1.524878688,1.644361453,0,0
2015-04-23,-0.01141,3.186823669,3.213145304,0,1,1.634717104,1.524878688,1,0
2015-04-24,-0.014015,2.270915451,3.186823669,0,0,1.355030992,1.634717104,0,1
2015-04-27,0.028986,2.622349335,2.270915451,1,0,1.553811734,1.355030992,1,0
2015-04-28,-0.046587,2.287938433,2.622349335,0,1,1.383964038,1.553811734,0,1
2015-04-29,0.005966,2.048208083,2.287938433,0,0,1.329848526,1.383964038,0,0
2015-04-30,0.095736,2.007459724,2.048208083,0,0,1.442365927,1.329848526,1,0
2015-05-04,0.049485,2.425724231,2.007459724,1,0,2.193553531,1.442365927,1,1
2015-05-05,-0.002701,2.476664284,2.425724231,1,1,1.615964204,2.193553531,0,1
2015-05-06,0.01379,2.205502642,2.476664284,0,1,1.510947962,1.615964204,0,0
2015-05-07,-0.055137,2.078037429,2.205502642,0,0,1.316453597,1.510947962,0,0
2015-05-08,0.06581,1.648025315,2.078037429,0,0,1.254836925,1.316453597,0,0
2015-05-11,0.100096,2.822546594,1.648025315,1,0,1.502375208,1.254836925,1,0
2015-05-12,-0.023679,2.520331131,2.822546594,0,1,1.608998841,1.502375208,1,1
2015-05-13,-0.043791,2.390822055,2.520331131,0,0,1.40807491,1.608998841,0,1
2015-05-14,-0.058243,2.236952347,2.390822055,0,0,1.43432897,1.40807491,1,0
2015-05-15,0.010723,1.978495798,2.236952347,0,0,1.359853166,1.43432897,0,1
2015-05-18,-0.015791,2.297338359,1.978495798,1,0,1.413968678,1.359853166,1,0
2015-05-19,0.027074,2.414602673,2.297338359,1,1,1.642218264,1.413968678,1,1
2015-05-20,0.009519,2.7570141,2.414602673,1,1,1.483086511,1.642218264,0,1
2015-05-21,0.03941,2.541607556,2.7570141,0,1,1.410753895,1.483086511,0,0
2015-05-22,-0.056757,2.301149887,2.541607556,0,0,1.658827976,1.410753895,1,0
2015-05-25,-0.015043,2.237725701,2.301149887,0,0,1.695262182,1.658827976,1,1
2015-05-26,0.096395,2.623141101,2.237725701,1,0,1.940657276,1.695262182,1,1
2015-05-27,-0.008906,3.328292102,2.623141101,1,1,1.924047565,1.940657276,0,1
2015-05-28,-0.06682,2.858829758,3.328292102,0,1,1.734911171,1.924047565,0,0
2015-05-29,0.007407,2.523139141,2.858829758,0,0,1.852250747,1.734911171,1,0
2015-06-01,0.084314,2.671263938,2.523139141,1,0,1.805100598,1.852250747,1,1
2015-06-02,0.09991,2.506226638,2.671263938,0,1,2.027456415,1.805100598,1,1
2015-06-03,0.052199,2.52443727,2.506226638,1,0,2.4437708,2.027456415,1,1
2015-06-04,-0.035156,2.887692412,2.52443727,1,1,2.65808966,2.4437708,1,1
2015-06-05,-0.030162,2.159653833,2.887692412,0,1,2.614154294,2.65808966,0,1
2015-06-08,-0.050929,2.460773712,2.159653833,1,0,2.498957906,2.614154294,1,0
2015-06-09,-0.023752,2.716422253,2.460773712,1,1,2.416445145,2.498957906,0,1
2015-06-10,0.059022,2.134547467,2.716422253,0,1,2.111576567,2.416445145,0,0
2015-06-11,-0.044671,1.960064208,2.134547467,0,0,2.232666723,2.111576567,1,0
2015-06-12,0.001113,2.003602164,1.960064208,1,0,1.925654956,2.232666723,0,1
2015-06-15,-0.100089,2.110435413,2.003602164,1,1,3.151023038,1.925654956,1,0
2015-06-16,-0.100099,2.299078404,2.110435413,1,1,2.97581737,3.151023038,0,1
2015-06-17,0.064543,2.482464434,2.299078404,1,1,2.375724562,2.97581737,0,0
2015-06-18,-0.100103,2.068683535,2.482464434,0,1,2.696667055,2.375724562,1,0
2015-06-19,0.045872,1.560397009,2.068683535,0,0,2.431447466,2.696667055,0,1
2015-06-23,0.036184,2.215565443,1.560397009,1,0,1.981913657,2.431447466,1,0
2015-06-24,-0.018254,2.088919616,2.215565443,0,1,1.877433213,1.981913657,0,1
2015-06-25,-0.034492,2.178545752,2.088919616,1,0,1.925654956,1.877433213,1,0
2015-06-26,-0.099916,1.417777752,2.178545752,0,1,1.64489725,1.925654956,0,1
2015-06-29,-0.099845,1.976792579,1.417777752,1,0,2.047280909,1.64489725,1,0
2015-06-30,0.053049,1.933098111,1.976792579,0,1,2.14479599,2.047280909,1,1
2015-07-01,-0.018646,2.190707655,1.933098111,1,0,1.860823501,2.14479599,0,1
2015-07-02,-0.070334,1.636075164,2.190707655,0,1,1.688832616,1.860823501,0,0
2015-07-03,-0.066092,2.200218061,1.636075164,1,0,1.617571595,1.688832616,0,0
2015-07-06,-0.046154,2.007616236,2.200218061,0,1,2.197839908,1.617571595,1,0
2015-07-14,0.1,2.13737389,2.007616236,1,0,1.486301293,2.197839908,1,1
2015-07-15,-0.013196,1.954945345,2.13737389,0,1,1.768666391,1.486301293,1,1
2015-07-16,0.050892,1.64040226,1.954945345,0,0,1.547917966,1.768666391,0,1
2015-07-17,0.099328,1.630394699,1.64040226,0,0,1.462726219,1.547917966,0,0
2015-07-20,0.020579,1.906951401,1.630394699,1,0,2.026920618,1.462726219,1,0
2015-07-21,0.036232,1.811598767,1.906951401,0,1,1.675973484,2.026920618,0,1
2015-07-22,-0.007905,1.986275365,1.811598767,1,0,1.829747266,1.675973484,1,0
2015-07-23,0.026356,1.772756172,1.986275365,0,1,1.876897416,1.829747266,1,1
2015-07-24,-0.045387,1.759167248,1.772756172,0,0,1.580601592,1.876897416,0,1
2015-07-27,-0.077886,1.489405008,1.759167248,0,0,1.47558535,1.580601592,1,0
2015-07-28,-0.053596,1.617441029,1.489405008,1,0,1.424684621,1.47558535,0,1
2015-07-29,0.043369,1.287246745,1.617441029,0,1,1.430042593,1.424684621,1,0
2015-07-30,-0.099966,1.303965909,1.287246745,1,0,1.595068115,1.430042593,1,1
2015-07-31,-0.004962,1.092665504,1.303965909,0,1,1.36467534,1.595068115,0,1
2015-08-03,-0.060606,1.536975449,1.092665504,1,0,1.381820849,1.36467534,1,0
2015-08-04,0.070641,1.570284885,1.536975449,1,1,1.44558071,1.381820849,1,1
2015-08-05,0.015637,1.706367465,1.570284885,1,1,1.510947962,1.44558071,1,1
2015-08-06,0.013519,1.420493695,1.706367465,0,1,1.416111867,1.510947962,0,1
2015-08-07,0.088922,1.176417836,1.420493695,0,0,1.449867087,1.416111867,1,0
2015-08-10,0.051718,1.548032561,1.176417836,1,0,1.544703183,1.449867087,1,1
2015-08-11,-0.024264,1.531129265,1.548032561,0,1,1.447723899,1.544703183,0,1
2015-08-12,-0.038462,1.205243664,1.531129265,0,0,1.310024031,1.447723899,0,0
2015-08-13,0.033103,1.402384336,1.205243664,1,0,1.346994034,1.310024031,1,0
2015-08-14,-0.018024,1.358855588,1.402384336,0,1,1.264481273,1.346994034,0,1
2015-08-17,0.030252,1.881357086,1.358855588,1,0,1.322883163,1.264481273,1,0
2015-08-18,-0.099967,1.559697308,1.881357086,0,1,1.355030992,1.322883163,1,1
2015-08-19,0.012097,1.720904667,1.559697308,1,0,1.23501243,1.355030992,0,1
2015-08-20,-0.052879,1.584370965,1.720904667,0,1,1.140712132,1.23501243,0,0
2015-08-21,-0.086042,1.248238431,1.584370965,0,0,1.204471993,1.140712132,1,0
2015-08-24,-0.1,1.404888528,1.248238431,1,0,1.143391118,1.204471993,1,1
2015-08-25,-0.099954,1.267065903,1.404888528,0,1,1.216795327,1.143391118,1,1
2015-08-26,-0.075413,1.053436232,1.267065903,0,0,1.306273451,1.216795327,1,1
2015-08-27,0.09162,1.364370334,1.053436232,1,0,1.25751591,1.306273451,0,1
2015-08-28,0.072671,1.188239096,1.364370334,0,1,1.171788367,1.25751591,0,0
2015-08-31,-0.098282,1.209892991,1.188239096,1,0,1.193220252,1.171788367,1,0
2015-09-01,-0.050265,0.961195425,1.209892991,0,1,1.218402719,1.193220252,1,1
2015-09-02,0.100279,0.945295647,0.961195425,0,0,1.41182549,1.218402719,1,1
2015-09-07,-0.01519,1.377600201,0.945295647,1,0,1.364139543,1.41182549,1,1
2015-09-08,0.069409,1.256367848,1.377600201,0,1,1.25376533,1.364139543,0,1
2015-09-09,0.058173,1.011131959,1.256367848,0,0,1.236084024,1.25376533,0,0
2015-09-10,-0.035438,1.032656962,1.011131959,1,0,1.180361121,1.236084024,0,0
2015-09-11,0.010834,1.13652569,1.032656962,1,1,1.013728207,1.180361121,0,0
2015-09-14,-0.100186,1.05640996,1.13652569,0,1,1.051769805,1.013728207,1,0
2015-09-15,-0.023822,0.980741011,1.05640996,0,0,1.038910673,1.051769805,0,1
2015-09-16,0.100265,0.978945727,0.980741011,0,0,1.032481108,1.038910673,0,0
2015-09-17,0.007715,1.04887897,0.978945727,1,0,1.162144018,1.032481108,1,0
2015-09-18,0.039234,0.902494219,1.04887897,0,1,1.021229367,1.162144018,0,1
2015-09-21,0.059853,1.172781234,0.902494219,1,0,1.131067783,1.021229367,1,0
2015-09-22,-0.01477,1.141423595,1.172781234,0,1,1.169109381,1.131067783,1,1
2015-09-23,-0.012346,1.22832458,1.141423595,1,0,1.080167054,1.169109381,0,1
2015-09-24,0.027232,1.02858765,1.22832458,0,1,1.141783726,1.080167054,1,0
2015-09-25,-0.066058,0.748219421,1.02858765,0,0,0.84977428,1.141783726,0,1
2015-09-28,0.085156,1.021903667,0.748219421,1,0,1.060878357,0.84977428,1,0
2015-09-29,0.02916,0.865511354,1.021903667,0,1,1.365746935,1.060878357,1,1
2015-09-30,-0.0225,0.731481843,0.865511354,0,0,1.065700531,1.365746935,0,1
2015-10-08,0.038363,0.9930226,0.731481843,1,0,1.138568943,1.065700531,1,0
2015-10-09,0.028325,0.810511196,0.9930226,0,1,1.080702851,1.138568943,0,1
2015-10-12,0.0499,1.087298063,0.810511196,1,0,1.243049387,1.080702851,1,0
2015-10-13,0.011787,1.249729898,1.087298063,1,1,1.307345045,1.243049387,1,1
2015-10-14,0.022548,0.994385175,1.249729898,0,1,1.426292013,1.307345045,1,1
2015-10-15,0.028666,1.101107945,0.994385175,1,0,1.521663905,1.426292013,1,1
2015-10-16,0.000357,0.984285548,1.101107945,0,1,1.336813889,1.521663905,0,1
2015-10-19,-0.028571,1.298064486,0.984285548,1,0,1.323954757,1.336813889,1,0
2015-10-20,0.01875,1.328639565,1.298064486,1,1,1.278947796,1.323954757,0,1
2015-10-21,-0.099964,1.005331808,1.328639565,0,1,1.199649818,1.278947796,0,0
2015-10-22,0.050521,1.055093417,1.005331808,1,0,1.181432715,1.199649818,0,0
2015-10-23,0.042748,1.033476348,1.055093417,0,1,1.248407359,1.181432715,1,0
2015-10-26,0.099927,1.117873142,1.033476348,1,0,1.582208983,1.248407359,1,1
2015-10-27,-0.041597,1.172624722,1.117873142,1,1,1.561848692,1.582208983,0,1
2015-10-28,-0.065972,1.138284148,1.172624722,0,1,1.297700697,1.561848692,0,0
2015-10-29,0.016729,1.045546185,1.138284148,0,0,1.260730693,1.297700697,0,0
2015-10-30,-0.024132,0.823059776,1.045546185,0,0,1.21625953,1.260730693,0,0
2015-11-02,-0.021731,1.258549809,0.823059776,1,0,1.251622142,1.21625953,1,0
2015-11-03,-0.005745,0.841298027,1.258549809,0,1,1.111243289,1.251622142,0,1
2015-11-04,0.061248,0.988842809,0.841298027,1,0,1.230190256,1.111243289,1,0
2015-11-05,-0.0098,1.129989012,0.988842809,1,1,1.314846205,1.230190256,1,1
2015-11-06,0.035191,1.08487673,1.129989012,0,1,1.273054028,1.314846205,0,1
2015-11-09,0.008853,1.170866264,1.08487673,1,0,1.25751591,1.273054028,1,0
2015-11-10,-0.010881,1.055001352,1.170866264,0,1,1.152499669,1.25751591,0,1
2015-11-11,0.02555,1.108473216,1.055001352,1,0,1.154107061,1.152499669,1,0
2015-11-12,-0.010727,1.313991883,1.108473216,1,1,1.280555188,1.154107061,1,1
2015-11-13,-0.029381,1.294041207,1.313991883,0,1,1.128924595,1.280555188,0,1
2015-11-16,0.030631,1.354500871,1.294041207,1,0,1.252693736,1.128924595,1,0
2015-11-17,-0.032867,1.36640499,1.354500871,1,1,1.126245609,1.252693736,0,1
2015-11-18,-0.043745,1.069520141,1.36640499,0,1,1.113922274,1.126245609,0,0
2015-11-19,0.040832,1.10684365,1.069520141,1,0,1.181432715,1.113922274,1,0
2015-11-20,0.05376,1.016462573,1.10684365,0,1,2.005488732,1.181432715,1,1
2015-11-23,-0.026887,1.128018802,1.016462573,1,0,1.356102586,2.005488732,1,1
2015-11-24,0.018774,0.949374165,1.128018802,0,1,1.250550548,1.356102586,0,1
2015-11-25,0.097357,1.029232111,0.949374165,1,0,1.523271297,1.250550548,1,0
2015-11-26,-0.055767,1.046172233,1.029232111,1,1,1.400573749,1.523271297,0,1
2015-11-27,-0.083221,0.995683304,1.046172233,0,1,1.255372722,1.400573749,0,0
2015-11-30,0.01757,0.988723123,0.995683304,0,0,1.244120982,1.255372722,1,0
2015-12-01,-0.003597,1.117532498,0.988723123,1,0,1.19000547,1.244120982,0,1
2015-12-02,-0.031408,0.87615417,1.117532498,0,1,1.175003149,1.19000547,0,0
2015-12-03,0.029072,0.860438524,0.87615417,0,0,1.270910839,1.175003149,1,0
2015-12-04,-0.029337,0.860862027,0.860438524,1,0,1.245192576,1.270910839,0,1
2015-12-07,0.00597,0.885369965,0.860862027,1,1,1.181968512,1.245192576,1,0
2015-12-08,-0.050074,1.056603298,0.885369965,1,1,1.296629102,1.181968512,1,1
2015-12-09,-0.014447,0.949770049,1.056603298,0,1,1.307345045,1.296629102,1,1
2015-12-10,0.013867,1.085576431,0.949770049,1,0,1.265552868,1.307345045,0,1
2015-12-11,-0.016022,0.742492923,1.085576431,0,1,1.192684455,1.265552868,0,0
2015-12-14,0.018666,1.083090652,0.742492923,1,0,1.218938516,1.192684455,1,0
2015-12-15,0.00039,0.852226247,1.083090652,0,1,1.219474313,1.218938516,1,1
2015-12-16,0.006625,0.946289958,0.852226247,1,0,1.183575904,1.219474313,0,1
2015-12-17,0.088657,1.034535106,0.946289958,1,1,1.422541433,1.183575904,1,0
2015-12-18,-0.028094,0.919774985,1.034535106,0,1,1.291806928,1.422541433,0,1
2015-12-21,-0.001098,1.043594389,0.919774985,1,0,1.284841565,1.291806928,1,0
2015-12-22,0.004762,1.093254725,1.043594389,1,1,1.282698377,1.284841565,0,1
2015-12-23,-0.018957,1.175432731,1.093254725,1,1,1.270375042,1.282698377,0,0
2015-12-24,-0.01858,0.877084035,1.175432731,0,1,1.258051708,1.270375042,0,0
2015-12-25,0.012117,0.899502077,0.877084035,1,0,1.149284886,1.258051708,0,0
2015-12-28,-0.013842,0.984322374,0.899502077,1,1,1.203400398,1.149284886,1,0
2015-12-29,0.024279,0.876540846,0.984322374,0,1,1.199114021,1.203400398,0,1
2015-12-30,0.021852,1.040224778,0.876540846,1,0,1.258587505,1.199114021,1,0
2015-12-31,-0.006162,0.632105931,1.040224778,0,1,1.150356481,1.258587505,0,1
2016-01-04,-0.099927,0.976303436,0.632105931,1,0,1.239298807,1.150356481,1,0
2016-01-05,-0.030794,0.8538374,0.976303436,0,1,1.225903879,1.239298807,0,1
2016-01-06,0.011706,0.72711792,0.8538374,0,0,1.160000829,1.225903879,0,0
2016-01-07,-0.1,0.871136579,0.72711792,1,0,1.10159894,1.160000829,0,0
2016-01-08,0.011478,0.655417012,0.871136579,0,1,1.211437356,1.10159894,1,0
2016-01-11,-0.096686,0.830811723,0.655417012,1,0,1.226975473,1.211437356,1,1
2016-01-12,0.020101,0.788350938,0.830811723,0,1,1.196970833,1.226975473,0,1
2016-01-13,-0.046798,0.772230203,0.788350938,0,0,1.113386477,1.196970833,0,0
2016-01-14,0.052196,0.679685578,0.772230203,0,0,1.160536626,1.113386477,1,0
2016-01-15,-0.056974,0.800917931,0.679685578,1,0,1.093026185,1.160536626,0,1
2016-01-18,0.057292,0.915880598,0.800917931,1,1,1.14285532,1.093026185,1,0
2016-01-19,0.04335,0.963837715,0.915880598,1,1,1.191077064,1.14285532,1,1
2016-01-20,-0.008026,0.914545642,0.963837715,0,1,1.128924595,1.191077064,0,1
2016-01-21,-0.064731,0.668683705,0.914545642,0,0,1.084989228,1.128924595,0,0
2016-01-22,0.024427,0.653520455,0.668683705,0,0,1.016407193,1.084989228,0,0
2016-01-25,0.018381,0.806414264,0.653520455,1,0,0.996582699,1.016407193,1,0
2016-01-26,-0.1,0.830176468,0.806414264,1,1,1.092490388,0.996582699,1,1
2016-01-27,-0.020596,0.739491575,0.830176468,0,1,1.065700531,1.092490388,0,1
2016-01-28,-0.074156,0.672320308,0.739491575,0,0,1.021765165,1.065700531,0,0
2016-01-29,0.069934,0.604007423,0.672320308,0,0,0.994975307,1.021765165,0,0
2016-02-01,0.016201,0.937497667,0.604007423,1,0,0.867991383,0.994975307,1,0
2016-02-02,0.04453,0.639646126,0.937497667,0,1,0.947289361,0.867991383,1,1
2016-02-03,0.1,0.517336602,0.639646126,0,0,1.224832284,0.947289361,1,1
2016-02-04,0.003349,0.45824872,0.517336602,0,0,1.156786046,1.224832284,0,1
2016-02-05,-0.022413,0.374901477,0.45824872,0,0,0.788157607,1.156786046,0,0
2016-02-15,0.013171,0.397973187,0.374901477,1,0,1.090882997,0.788157607,1,0
2016-02-16,0.050072,0.563130172,0.397973187,1,1,1.066772125,1.090882997,0,1
2016-02-17,-0.005961,0.740007144,0.563130172,1,1,0.961220087,1.066772125,0,0
2016-02-18,-0.01845,0.777303033,0.740007144,1,1,0.995511104,0.961220087,1,0
2016-02-19,-0.00235,0.816808502,0.777303033,1,1,0.840129931,0.995511104,0,1
2016-02-22,0.019783,0.805429159,0.816808502,0,1,1.111243289,0.840129931,1,0
2016-02-23,0.014781,0.846214345,0.805429159,1,0,1.089275605,1.111243289,0,1
2016-02-24,-0.02822,0.872784558,0.846214345,1,1,1.014264004,1.089275605,0,0
2016-02-25,-0.099766,0.967290186,0.872784558,1,1,1.072130097,1.014264004,1,0
2016-02-26,-0.007284,0.590188335,0.967290186,0,1,1.034624296,1.072130097,0,1
2016-02-29,-0.080189,0.602543576,0.590188335,1,0,1.192148658,1.034624296,1,0
2016-03-01,0.051852,0.543989675,0.602543576,0,1,1.173931555,1.192148658,0,1
2016-03-02,0.049837,0.507688098,0.543989675,0,0,1.179825324,1.173931555,1,0
2016-03-03,-0.01032,0.623589837,0.507688098,1,0,1.121959232,1.179825324,0,1
2016-03-04,-0.064651,0.532251275,0.623589837,0,1,1.082310242,1.121959232,0,0
2016-03-07,0.023411,0.632713565,0.532251275,1,0,1.144998509,1.082310242,1,0
2016-03-08,0.047386,0.47740763,0.632713565,0,1,1.121423434,1.144998509,0,1
2016-03-09,-0.031201,0.574380623,0.47740763,1,0,0.973543421,1.121423434,0,0
2016-03-10,-0.025228,0.601006076,0.574380623,1,1,0.955326318,0.973543421,0,0
2016-03-11,0.003855,0.300613517,0.601006076,0,1,0.865312397,0.955326318,0,0
2016-03-14,0.053209,0.450082476,0.300613517,1,0,1.054984588,0.865312397,1,0
2016-03-15,-0.002083,0.588945445,0.450082476,1,1,0.942467186,1.054984588,0,1
2016-03-16,-0.01096,0.496437647,0.588945445,0,1,0.946753564,0.942467186,1,0
2016-03-17,0.082322,0.683635205,0.496437647,1,0,1.098919954,0.946753564,1,1
2016-03-18,0.022916,0.579959815,0.683635205,0,1,1.121959232,1.098919954,1,1
2016-03-21,0.020496,0.629132203,0.579959815,1,0,1.23501243,1.121959232,1,1
2016-03-22,-0.01588,0.673434305,0.629132203,1,1,1.158929235,1.23501243,0,1
2016-03-23,0.004746,0.892035534,0.673434305,1,1,1.177682135,1.158929235,1,0
2016-03-24,-0.011809,0.612947021,0.892035534,0,1,1.265017071,1.177682135,1,1
2016-03-25,0.013384,0.937313535,0.612947021,1,0,1.036767485,1.265017071,0,1
2016-03-28,0.020283,0.739491575,0.937313535,0,1,1.166430395,1.036767485,1,0
2016-03-29,-0.036061,0.696340296,0.739491575,0,0,1.191077064,1.166430395,1,1
2016-03-30,0.061391,0.663067687,0.696340296,0,0,1.233940836,1.191077064,1,1
2016-03-31,-0.002711,0.829218983,0.663067687,1,0,1.22376069,1.233940836,0,1
2016-04-01,-0.008609,0.775295996,0.829218983,0,1,1.032481108,1.22376069,0,0
2016-04-05,0.037477,0.615837889,0.775295996,0,0,1.271982434,1.032481108,1,0
2016-04-06,0.017621,0.625937516,0.615837889,1,0,1.306809248,1.271982434,1,1
2016-04-07,-0.005195,0.618240809,0.625937516,0,1,1.400573749,1.306809248,1,1
2016-04-08,0.013055,0.747657819,0.618240809,1,0,1.271446636,1.400573749,0,1
2016-04-11,0.050258,0.689711553,0.747657819,0,1,1.333063309,1.271446636,1,0
2016-04-12,-0.006135,0.744076456,0.689711553,1,0,1.36092476,1.333063309,1,1
2016-04-13,-0.006996,0.562375232,0.744076456,0,1,1.396823169,1.36092476,1,1
2016-04-14,-0.003315,0.483078888,0.562375232,0,0,1.320204177,1.396823169,0,1
2016-04-15,-0.00499,0.637344479,0.483078888,1,0,1.232869242,1.320204177,0,0
2016-04-18,-0.024237,0.587748589,0.637344479,0,1,1.222153299,1.232869242,1,0
2016-04-19,0.007709,0.658142162,0.587748589,1,0,1.098384157,1.222153299,0,1
2016-04-20,-0.063748,0.642702714,0.658142162,0,1,1.140712132,1.098384157,1,0
2016-04-21,0.017703,0.553214677,0.642702714,0,0,1.213580544,1.140712132,1,1
2016-04-22,0.015611,0.706780567,0.553214677,1,0,1.058735168,1.213580544,0,1
2016-04-25,0.054018,0.650178463,0.706780567,0,1,1.352352006,1.058735168,1,0
2016-04-26,0.010833,0.686222256,0.650178463,1,0,1.420934041,1.352352006,1,1
2016-04-27,-0.060594,0.594055102,0.686222256,0,1,1.496481439,1.420934041,1,1
2016-04-28,0.000439,0.634499643,0.594055102,1,0,1.243585185,1.496481439,0,1
2016-04-29,-0.014474,0.625891484,0.634499643,0,1,1.083917634,1.243585185,0,0
2016-05-03,0.034268,0.58677269,0.625891484,0,0,1.145534306,1.083917634,1,0
2016-05-04,0.004733,0.584958993,0.58677269,0,0,1.146070103,1.145534306,1,1
2016-05-05,0.005567,0.553951204,0.584958993,0,0,1.206079384,1.146070103,1,1
2016-05-06,-0.05707,0.639784225,0.553951204,1,0,1.092490388,1.206079384,0,1
2016-05-09,-0.042457,0.490536224,0.639784225,0,1,1.030337919,1.092490388,1,0
2016-05-10,0.00283,0.544321112,0.490536224,1,0,0.933358635,1.030337919,0,1
2016-05-11,-0.019285,0.738423611,0.544321112,1,1,0.979972987,0.933358635,1,0
2016-05-12,0.020624,0.526929867,0.738423611,0,1,1.027658933,0.979972987,1,1
2016-05-13,0.007049,0.644884675,0.526929867,1,0,0.992832118,1.027658933,0,1
2016-05-16,0.010733,0.546558313,0.644884675,0,1,1.02444415,0.992832118,1,0
2016-05-17,-0.01662,0.541623582,0.546558313,0,0,1.067843719,1.02444415,1,1
2016-05-18,-0.046948,0.514813997,0.541623582,0,0,1.078559662,1.067843719,1,1
2016-05-19,-0.000985,0.423770047,0.514813997,0,0,1.058199371,1.078559662,0,1
2016-05-20,0.011341,0.556289677,0.423770047,1,0,1.039982268,1.058199371,0,0
2016-05-23,0.032667,0.589461014,0.556289677,1,1,1.097312563,1.039982268,1,0
2016-05-24,-0.018886,0.625688939,0.589461014,1,1,0.996582699,1.097312563,0,1
2016-05-25,-0.006256,0.588006373,0.625688939,0,1,1.008370236,0.996582699,1,0
2016-05-26,0.004843,0.525502846,0.588006373,0,0,1.02069357,1.008370236,1,1
2016-05-27,-0.007711,0.574804126,0.525502846,1,0,0.946753564,1.02069357,0,1
2016-05-30,0.000486,0.539717818,0.574804126,0,1,1.029802122,0.946753564,1,0
2016-05-31,0.058738,0.447145574,0.539717818,0,0,1.245192576,1.029802122,1,1
2016-06-01,0.010087,0.447440185,0.447145574,1,0,1.157321843,1.245192576,0,1
2016-06-02,0.012256,0.4081925,0.447440185,0,1,1.178217932,1.157321843,1,0
2016-06-03,0.008072,0.468053736,0.4081925,1,0,1.015871396,1.178217932,0,1
2016-06-06,0.048488,0.440581277,0.468053736,0,1,1.251622142,1.015871396,1,0
2016-06-07,0.019941,0.37254459,0.440581277,0,0,1.509876368,1.251622142,1,1
2016-06-08,-0.014975,0.396942049,0.37254459,1,0,1.191612861,1.509876368,0,1
2016-06-13,-0.065878,0.300429385,0.396942049,0,1,1.116065463,1.191612861,1,0
2016-06-14,0.03255,0.278241508,0.300429385,0,0,1.104277926,1.116065463,0,1
2016-06-15,0.089317,0.245760665,0.278241508,0,0,1.504518396,1.104277926,1,0
2016-06-16,0.004421,0.302556107,0.245760665,1,0,1.465405205,1.504518396,0,1
2016-06-17,-0.018007,0.388287856,0.302556107,1,1,1.238227213,1.465405205,0,0
2016-06-27,0.018337,0.493712497,0.388287856,1,1,1.439686941,1.238227213,1,0
2016-06-28,0,0.332348626,0.493712497,0,1,1.248943156,1.439686941,0,1
2016-06-29,-0.019608,0.315739941,0.332348626,0,0,1.176074744,1.248943156,0,0
2016-06-30,-0.004082,0.316145031,0.315739941,1,0,1.157321843,1.176074744,0,0
2016-07-01,0.003279,0.593346194,0.316145031,1,1,1.179289527,1.157321843,1,0
2016-07-04,0.017565,0.56998908,0.593346194,0,1,1.213580544,1.179289527,1,1
2016-07-05,-0.006825,0.501565717,0.56998908,0,0,1.172324164,1.213580544,0,1
2016-07-06,-0.00768,0.499125971,0.501565717,0,0,1.164287206,1.172324164,0,0
2016-07-07,0.038697,0.50859955,0.499125971,1,0,1.270910839,1.164287206,1,0
2016-07-08,-0.008627,0.49883136,0.50859955,0,1,1.280019391,1.270910839,1,1
2016-07-11,-0.026899,0.468136595,0.49883136,0,0,1.180896918,1.280019391,1,1
2016-07-12,0,0.591937586,0.468136595,1,0,1.133210972,1.180896918,0,1
2016-07-13,0.00935,0.51248473,0.591937586,0,1,1.159465032,1.133210972,1,0
2016-07-14,0.001611,0.543050603,0.51248473,1,0,1.296093305,1.159465032,1,1
2016-07-15,-0.006836,0.468072149,0.543050603,0,1,1.462726219,1.296093305,1,1
2016-07-18,-0.025911,0.429855602,0.468072149,0,0,1.150356481,1.462726219,1,1
2016-07-19,0.016209,0.552524182,0.429855602,1,0,1.143391118,1.150356481,0,1
2016-07-20,0.006953,0.44135463,0.552524182,0,1,1.195363441,1.143391118,1,0
2016-07-21,0.005686,0.319017487,0.44135463,0,0,1.076416474,1.195363441,0,1
2016-07-22,0.015751,0.441566382,0.319017487,1,0,1.109635897,1.076416474,1,0
2016-07-25,-0.002386,0.438933298,0.441566382,0,1,1.134818363,1.109635897,1,1
2016-07-26,0.006377,0.440001262,0.438933298,1,0,1.158929235,1.134818363,1,1
2016-07-27,-0.079208,0.364405966,0.440001262,0,1,1.209294167,1.158929235,1,1
2016-07-28,-0.00043,0.356957837,0.364405966,0,0,1.019086179,1.209294167,0,1
2016-07-29,-0.020654,0.381778798,0.356957837,1,0,0.949968347,1.019086179,0,0
2016-08-01,0,0.385599532,0.381778798,1,1,0.937109215,0.949968347,1,0
2016-08-02,0.006591,0.389991075,0.385599532,1,1,0.888351674,0.937109215,0,1
2016-08-03,-0.00873,0.37491989,0.389991075,0,1,0.896388632,0.888351674,1,0
2016-08-04,0.010568,0.416294297,0.37491989,1,0,0.836915148,0.896388632,0,1
2016-08-05,-0.010458,0.49842627,0.416294297,1,1,0.729755718,0.836915148,0,0
2016-08-08,0.011889,0.497128141,0.49842627,0,1,0.824591813,0.729755718,1,0
2016-08-09,0.013055,0.516250225,0.497128141,1,0,0.880314717,0.824591813,1,1
2016-08-10,-0.010309,0.4902232,0.516250225,0,1,0.854060657,0.880314717,0,1
2016-08-11,-0.019097,0.54111722,0.4902232,1,0,0.829949785,0.854060657,0,0
2016-08-12,0.015044,0.446685245,0.54111722,0,1,0.752794995,0.829949785,0,0
2016-08-15,0.035745,0.401563756,0.446685245,0,0,1.067307922,0.752794995,1,0
2016-08-16,0.000421,0.453884797,0.401563756,1,0,1.291806928,1.067307922,1,1
2016-08-17,0.015566,0.392301929,0.453884797,0,1,1.100527346,1.291806928,0,1
2016-08-18,-0.008285,0.347051548,0.392301929,0,0,1.010513424,1.100527346,0,0
2016-08-19,0.013367,0.369893093,0.347051548,1,0,0.937109215,1.010513424,0,0
2016-08-22,-0.036274,0.325001769,0.369893093,0,1,0.984795161,0.937109215,1,0
2016-08-23,0.004705,0.367996536,0.325001769,1,0,0.901210806,0.984795161,0,1
2016-08-24,0.012346,0.336445558,0.367996536,0,1,0.925857475,0.901210806,1,0
2016-08-25,-0.002523,0.287070626,0.336445558,0,0,0.886208486,0.925857475,0,1
2016-08-26,-0.005059,0.366974604,0.287070626,1,0,0.833164568,0.886208486,0,0
2016-08-29,0.002119,0.300558277,0.366974604,0,1,0.871741963,0.833164568,1,0
2016-08-30,0.000423,0.358338825,0.300558277,1,0,0.866919788,0.871741963,0,1
2016-08-31,0.010989,0.353293614,0.358338825,0,1,0.958541101,0.866919788,1,0
2016-09-01,-0.008779,0.285643605,0.353293614,0,0,0.886208486,0.958541101,0,1
2016-09-02,-0.001687,0.255399962,0.285643605,0,0,0.834771959,0.886208486,0,0
2016-09-05,0.012252,0.262001086,0.255399962,1,0,0.957469507,0.834771959,1,0
2016-09-06,0.007095,0.259358795,0.262001086,0,1,0.977294001,0.957469507,1,1
2016-09-07,-0.005802,0.297860747,0.259358795,1,0,1.042661253,0.977294001,1,1
2016-09-08,-0.007086,0.280478709,0.297860747,0,1,1.007834439,1.042661253,0,1
2016-09-09,-0.032326,0.265343078,0.280478709,0,0,1.211973153,1.007834439,1,0
2016-09-12,-0.023529,0.295117184,0.265343078,1,0,1.043732848,1.211973153,1,1
2016-09-13,0.011245,0.291710746,0.295117184,0,1,0.952111535,1.043732848,0,1
2016-09-14,-0.01668,0.279889487,0.291710746,0,0,0.907640372,0.952111535,0,0
2016-09-19,0.001616,0.322792188,0.279889487,1,0,0.953718927,0.907640372,1,0
2016-09-20,0.008871,0.27715513,0.322792188,0,1,0.953718927,0.953718927,0,1
2016-09-21,-0.003997,0.268344425,0.27715513,0,0,0.876564137,0.953718927,0,0
2016-09-22,-0.004815,0.183873979,0.268344425,0,0,0.929608055,0.876564137,1,0
2016-09-23,-0.007258,0.296645477,0.183873979,1,0,0.866919788,0.929608055,0,1
2016-09-26,-0.047929,0.310059476,0.296645477,1,1,0.885672689,0.866919788,1,0
2016-09-27,0.004266,0.303320254,0.310059476,0,1,0.936037621,0.885672689,1,1
2016-09-28,0.002549,0.281371748,0.303320254,0,0,0.86102602,0.936037621,0,1
2016-09-29,0.000847,0.266217704,0.281371748,0,0,0.776905867,0.86102602,0,0
2016-09-30,-0.010161,0.354693016,0.266217704,1,0,0.662245277,0.776905867,0,0
2016-10-10,0.041061,0.289547198,0.354693016,0,1,0.856203845,0.662245277,1,0
2016-10-11,-0.006574,0.346278194,0.289547198,1,0,0.873349354,0.856203845,1,1
2016-10-12,-0.004136,0.405430523,0.346278194,1,1,0.803159927,0.873349354,0,1
2016-10-13,-0.010797,0.281215236,0.405430523,0,1,0.831021379,0.803159927,1,0
2016-10-14,-0.002519,0.328168835,0.281215236,1,0,0.745829632,0.831021379,0,1
2016-10-17,-0.016835,0.329393312,0.328168835,1,1,0.76136775,0.745829632,1,0
2016-10-18,0.029966,0.341398703,0.329393312,1,1,0.833700365,0.76136775,1,1
2016-10-19,-0.014131,0.321807083,0.341398703,0,1,0.921571098,0.833700365,1,1
2016-10-20,0.006745,0.281316508,0.321807083,0,0,0.873885151,0.921571098,0,1
2016-10-21,-0.0134,0.271134022,0.281316508,0,0,0.847631091,0.873885151,0,0
2016-10-24,0.01528,0.323114418,0.271134022,1,0,0.910319357,0.847631091,1,0
2016-10-25,0.004181,0.354610157,0.323114418,1,1,0.869598774,0.910319357,0,1
2016-10-26,-0.009159,0.333554689,0.354610157,0,1,0.788693404,0.869598774,0,0
2016-10-27,0.005042,0.24825565,0.333554689,0,0,0.782263839,0.788693404,0,0
2016-10-28,-0.004181,0.296249594,0.24825565,1,0,0.75386659,0.782263839,0,0
2016-10-31,-0.015953,0.278563738,0.296249594,0,1,0.778513259,0.75386659,1,0
2016-11-01,0.005119,0.25886164,0.278563738,0,0,0.679926583,0.778513259,0,1
2016-11-02,-0.027165,0.234068298,0.25886164,0,0,0.861561817,0.679926583,1,0
2016-11-03,0.002618,0.238027131,0.234068298,1,0,0.781192244,0.861561817,0,1
2016-11-04,-0.001741,0.452908898,0.238027131,1,1,0.737256878,0.781192244,0,0
2016-11-07,-0.003487,0.358928046,0.452908898,0,1,0.747437024,0.737256878,1,0
2016-11-08,0.009624,0.390423785,0.358928046,1,0,0.751723401,0.747437024,1,1
2016-11-09,-0.018198,0.351765321,0.390423785,0,1,0.694928903,0.751723401,0,1
2016-11-10,0.015887,0.355604468,0.351765321,1,0,0.690106729,0.694928903,0,0
2016-11-11,0.003475,0.31234271,0.355604468,0,1,0.730827312,0.690106729,1,0
2016-11-14,0.017316,0.291029459,0.31234271,0,0,0.85352486,0.730827312,1,1
2016-11-15,0.004255,0.352621533,0.291029459,1,0,0.847631091,0.85352486,0,1
2016-11-16,0.001695,0.279143753,0.352621533,0,1,0.778513259,0.847631091,0,0
2016-11-17,-0.010152,0.28187811,0.279143753,1,0,0.723326152,0.778513259,0,0
2016-11-18,-0.004274,0.320435301,0.28187811,1,1,0.713681803,0.723326152,0,0
2016-11-21,-0.007725,0.301644655,0.320435301,0,1,0.758688764,0.713681803,1,0
2016-11-22,0.011246,0.303099296,0.301644655,1,0,0.743686444,0.758688764,0,1
2016-11-23,-0.008554,0.247288958,0.303099296,0,1,0.707252238,0.743686444,0,0
2016-11-24,-0.015531,0.256826984,0.247288958,1,0,0.745829632,0.707252238,1,0
2016-11-25,0.019281,0.299425867,0.256826984,1,1,0.716896586,0.745829632,0,1
2016-11-28,-0.00172,0.296442932,0.299425867,0,1,0.742079052,0.716896586,1,0
2016-11-29,-0.007752,0.306211123,0.296442932,1,0,0.705109049,0.742079052,0,1
2016-11-30,0.002604,0.254313585,0.306211123,0,1,0.682069772,0.705109049,0,0
2016-12-01,0.015584,0.231775857,0.254313585,0,0,0.731898907,0.682069772,1,0
2016-12-02,-0.022165,0.439752684,0.231775857,1,0,0.687427743,0.731898907,0,1
2016-12-05,0.000872,0.262378556,0.439752684,0,1,0.735113689,0.687427743,1,0
2016-12-06,-0.009582,0.307969581,0.262378556,1,0,0.753330793,0.735113689,1,1
2016-12-07,0.004398,0.219107592,0.307969581,0,1,0.708323832,0.753330793,0,1
2016-12-08,-0.010508,0.246616877,0.219107592,1,0,0.782799636,0.708323832,1,0
2016-12-09,-0.017699,0.290532303,0.246616877,1,1,0.811732682,0.782799636,1,1
2016-12-12,-0.07027,0.290854533,0.290532303,1,1,0.888351674,0.811732682,1,1
2016-12-13,-0.001938,0.240871966,0.290854533,0,1,0.839058337,0.888351674,0,1
2016-12-14,-0.021359,0.349215096,0.240871966,1,0,0.861561817,0.839058337,1,0
2016-12-15,0.006944,0.289013216,0.349215096,0,1,0.804231522,0.861561817,0,1
2016-12-16,0.009852,0.287595401,0.289013216,0,0,0.694393106,0.804231522,0,0
2016-12-19,-0.000976,0.244388883,0.287595401,0,0,0.754402387,0.694393106,1,0
2016-12-20,-0.003906,0.258539409,0.244388883,1,0,0.732434704,0.754402387,0,1
2016-12-21,0.002941,0.279438364,0.258539409,1,1,0.757081373,0.732434704,1,0
2016-12-22,-0.001955,0.217864702,0.279438364,0,1,0.696000498,0.757081373,0,1
2016-12-23,0,0.241286263,0.217864702,1,0,0.67296122,0.696000498,0,0
2016-12-26,0.002938,0.241056098,0.241286263,0,1,0.721718761,0.67296122,1,0
2016-12-27,-0.004883,0.245134617,0.241056098,1,0,0.713681803,0.721718761,0,1
2016-12-28,0.000981,0.239095095,0.245134617,0,1,0.6579589,0.713681803,0,0
2016-12-29,0.002941,0.243247266,0.239095095,1,0,0.678319192,0.6579589,1,0
2016-12-30,0.030303,0.218849807,0.243247266,0,1,0.779584853,0.678319192,1,1
2017-01-03,-0.006641,0.21034292,0.218849807,0,0,0.855668048,0.779584853,1,1
2017-01-04,0.008596,0.218205346,0.21034292,1,0,0.836379351,0.855668048,0,1
2017-01-05,-0.008523,0.207599357,0.218205346,0,1,0.822984422,0.836379351,0,0