1.740662005,1.824856254,1.531308254,1.123566623,0.001942,0.000972,0.00164,-0.000653,-0.000162,0.0068,0.04614,0,1,1,1,0.1
1.748736183,1.740662005,1.419862447,1.531308254,0.014942,-0.018848,0.014526,0.006751,-0.001709,0.0068,0.1,1,0,0,1,-0.011513
1.496696626,1.748736183,1.125709812,1.419862447,0.007942,0.007009,-0.005558,-0.004508,0.00015,0.0068,-0.011513,0,1,0,0,0.002811
1.966490407,1.496696626,1.160000829,1.125709812,0.024942,0.007499,-0.009714,-0.007023,-0.002628,0.0068,0.002811,1,0,1,0,0.034842
1.941908816,1.966490407,1.169645178,1.160000829,0.014942,-0.00081,0.003588,-0.009457,0.006373,0.0068,0.034842,0,1,1,1,-0.029799
2.12792793,1.941908816,1.277340405,1.169645178,0.022942,0.001388,0.006201,0.000184,-0.000937,0.0068,-0.029799,1,0,1,1,0.036697
2.64953639,2.12792793,1.206079384,1.277340405,0.000942,0.00877,-0.001219,-0.000815,0.005494,0.0068,0.036697,1,1,0,1,-0.020008
1.870428866,2.64953639,1.067843719,1.206079384,0.010942,0.003742,-0.001194,-0.000297,-0.00481,0.0068,-0.020008,0,1,0,0,-0.00746
2.493503133,1.870428866,1.184111701,1.067843719,0.021942,0.007912,-0.002856,-0.002774,-0.001268,0.0068,-0.00746,1,0,1,0,0.066456
2.716560351,2.493503133,1.120887637,1.184111701,0.002942,0.001469,-0.005851,-0.005384,-0.001045,0.0068,0.066456,1,1,0,1,-0.007418
2.485861665,2.716560351,1.355030992,1.120887637,-0.005058,0.017018,-0.012776,-0.008696,-0.003464,0.0068,-0.007418,0,1,1,0,0.100149
2.078341246,2.485861665,1.305737654,1.355030992,0.000942,-0.01372,0.01387,0.009284,0.007568,0.0068,0.100149,0,0,0,1,0.00034
2.113823437,2.078341246,1.352887803,1.305737654,0.004942,0.010735,-0.004176,-0.000911,-0.004761,0.0068,0.00034,1,0,1,0,0.10017
2.561272829,2.113823437,2.894376203,1.352887803,-0.016058,-0.019741,0.015566,0.011072,0.004807,0.0068,0.10017,1,1,1,1,0.1
2.565351347,2.561272829,2.23320252,2.894376203,0.024942,-0.016056,0.001969,0.00964,-0.001242,0.0068,0.1,1,1,0,1,0.099888
2.807503029,2.565351347,2.111576567,2.23320252,0.017942,-0.014423,0.009556,0.001358,0.010097,0.0068,0.099888,1,1,0,0,-0.017857
2.338970551,2.807503029,1.725802619,2.111576567,-0.019058,-0.009046,-0.005129,-0.008829,0.00836,0.0068,-0.017857,0,1,1,0,-0.1
2.25893768,2.338970551,1.644361453,1.725802619,0.022942,0.01285,-0.01631,-0.007597,-0.004042,0.0068,-0.1,0,0,0,1,0.040693
3.213145304,2.25893768,1.524878688,1.644361453,0.025942,0.007273,-0.001855,-0.00396,0.002946,0.0068,0.040693,1,0,0,0,0.020799
3.186823669,3.213145304,1.634717104,1.524878688,0.004942,0.004132,-0.006997,-0.011379,0.004957,0.0068,0.020799,0,1,1,0,-0.01141
2.270915451,3.186823669,1.355030992,1.634717104,-0.005058,0.00552,-0.012337,-0.0096,0.005661,0.0068,-0.01141,0,0,0,1,-0.014015
2.622349335,2.270915451,1.553811734,1.355030992,0.026942,-0.018046,0.018219,0.00745,0.006002,0.0068,-0.014015,1,0,1,0,0.028986
2.287938433,2.622349335,1.383964038,1.553811734,-0.013058,-0.015938,0.018718,0.002599,-0.000184,0.0068,0.028986,0,1,0,1,-0.046587
2.048208083,2.287938433,1.329848526,1.383964038,0.002942,0.01959,-0.023509,-0.01136,-0.004173,0.0068,-0.046587,0,0,0,0,0.005966
2.007459724,2.048208083,1.442365927,1.329848526,-0.006058,0.010295,-0.00986,-0.00084,-0.001076,0.0068,0.005966,0,0,1,0,0.095736
2.425724231,2.007459724,2.193553531,1.442365927,0.008942,0.001323,0.004288,0.001705,0.005299,0.0068,0.095736,1,0,1,1,0.049485
2.476664284,2.425724231,1.615964204,2.193553531,-0.040058,0.010672,-0.009793,0.000505,-0.005199,0.0068,0.049485,1,1,0,1,-0.002701
2.205502642,2.476664284,1.510947962,1.615964204,-0.014058,-0.000301,-0.010234,-0.001819,-0.012925,0.0068,-0.002701,0,1,0,0,0.01379
2.078037429,2.205502642,1.316453597,1.510947962,-0.025058,-0.000957,-0.009776,0.004582,-0.008603,0.0068,0.01379,0,0,0,0,-0.055137
1.648025315,2.078037429,1.254836925,1.316453597,0.027942,0.019629,-0.010778,-0.010505,-0.000126,0.0068,-0.055137,0,0,0,0,0.06581
2.822546594,1.648025315,1.502375208,1.254836925,0.034949,0.015689,-0.008392,-0.010831,-0.000095,0.0061,0.06581,1,0,1,0,0.100096
2.520331131,2.822546594,1.608998841,1.502375208,0.015949,0.008797,-0.009477,-0.009612,0.00488,0.0061,0.100096,0,1,1,1,-0.023679
2.390822055,2.520331131,1.40807491,1.608998841,-0.003051,0.015574,-0.011708,-0.005115,-0.000571,0.0061,-0.023679,0,0,0,1,-0.043791
2.236952347,2.390822055,1.43432897,1.40807491,-0.000051,0.014182,0.000568,-0.008748,0.005935,0.0061,-0.043791,0,0,1,0,-0.058243
1.978495798,2.236952347,1.359853166,1.43432897,-0.015051,0.010695,-0.01283,-0.007652,-0.001479,0.0061,-0.058243,0,0,0,1,0.010723
2.297338359,1.978495798,1.413968678,1.359853166,-0.000051,0.02925,-0.018838,-0.009381,-0.002739,0.0061,0.010723,1,0,1,0,-0.015791
2.414602673,2.297338359,1.642218264,1.413968678,0.031949,-0.000062,0.004612,-0.000062,0.000175,0.0061,-0.015791,1,1,1,1,0.027074
2.7570141,2.414602673,1.483086511,1.642218264,0.009949,0.015927,-0.01088,-0.008596,0.001461,0.0061,0.027074,1,1,0,1,0.009519
2.541607556,2.7570141,1.410753895,1.483086511,0.023949,0.016371,-0.015907,-0.006554,0.000967,0.0061,0.009519,0,1,0,0,0.03941
2.301149887,2.541607556,1.658827976,1.410753895,0.023949,-0.004652,0.008974,0.004225,0.003624,0.0061,0.03941,0,0,1,0,-0.056757
2.237725701,2.301149887,1.695262182,1.658827976,0.029949,0.000097,0.001178,0.004631,0.003849,0.0061,-0.056757,0,0,1,1,-0.015043
2.623141101,2.237725701,1.940657276,1.695262182,0.023949,0.01892,-0.013356,-0.013124,0.001151,0.0061,-0.015043,1,0,1,1,0.096395
3.328292102,2.623141101,1.924047565,1.940657276,0.004949,0.014996,-0.006369,-0.000216,0.008615,0.0061,0.096395,1,1,0,1,-0.008906
2.858829758,3.328292102,1.734911171,1.924047565,-0.068051,0.008507,-0.000391,0.000064,0.005355,0.0061,-0.008906,0,1,0,0,-0.06682
2.523139141,2.858829758,1.852250747,1.734911171,0.002949,0.011927,-0.017165,-0.004313,-0.001566,0.0061,-0.06682,0,0,1,0,0.007407
2.671263938,2.523139141,1.805100598,1.852250747,0.052949,0.007669,-0.000236,-0.002681,0.000116,0.0061,0.007407,1,0,1,1,0.084314
2.506226638,2.671263938,2.027456415,1.805100598,0.023949,0.029608,-0.010068,-0.010808,-0.000925,0.0061,0.084314,0,1,1,1,0.09991
2.52443727,2.506226638,2.4437708,2.027456415,0.001949,0.010537,0.00361,-0.005829,-0.001334,0.0061,0.09991,1,0,1,1,0.052199
2.887692412,2.52443727,2.65808966,2.4437708,0.007949,-0.009883,0.016881,0.001872,0.000215,0.0061,0.052199,1,1,1,1,-0.035156
2.159653833,2.887692412,2.614154294,2.65808966,0.013949,0.004613,0.001418,0.000744,0.007072,0.0061,-0.035156,0,1,0,1,-0.030162
2.460773712,2.159653833,2.498957906,2.614154294,0.015949,-0.030455,0.029609,0.009244,0.006342,0.0061,-0.030162,1,0,1,0,-0.050929
2.716422253,2.460773712,2.416445145,2.498957906,-0.005051,0.002457,0.00067,-0.006672,0.005608,0.0061,-0.050929,1,1,0,1,-0.023752
2.134547467,2.716422253,2.111576567,2.416445145,0.003949,0.020765,-0.019137,-0.005659,-0.004545,0.0061,-0.023752,0,1,0,0,0.059022
1.960064208,2.134547467,2.232666723,2.111576567,0.005949,0.022492,-0.011725,-0.012653,0.000054,0.0061,0.059022,0,0,1,0,-0.044671
2.003602164,1.960064208,1.925654956,2.232666723,0.010949,0.013868,0.002268,-0.004162,0.004462,0.0061,-0.044671,1,0,0,1,0.001113
2.110435413,2.003602164,3.151023038,1.925654956,-0.021051,0.007645,0.009956,0.000619,0.006008,0.0061,0.001113,1,1,1,0,-0.100089
2.299078404,2.110435413,2.97581737,3.151023038,-0.036051,-0.010661,0.008132,0.009937,-0.010532,0.0061,-0.100089,1,1,0,1,-0.100099
2.482464434,2.299078404,2.375724562,2.97581737,0.018949,0.003799,0.00273,-0.003494,0.002013,0.0061,-0.100099,1,1,0,0,0.064543
2.068683535,2.482464434,2.696667055,2.375724562,-0.039051,0.004384,0.004905,-0.004802,0.003121,0.0061,0.064543,0,1,1,0,-0.100103
1.560397009,2.068683535,2.431447466,2.696667055,-0.067051,-0.013356,0.001637,0.005632,-0.005091,0.0061,-0.100103,0,0,0,1,0.045872
2.215565443,1.560397009,1.981913657,2.431447466,0.022949,-0.031125,0.004359,0.010174,-0.008961,0.0061,0.045872,1,0,1,0,0.036184
2.088919616,2.215565443,1.877433213,1.981913657,0.024949,0.002747,0.006197,0.002765,0.012077,0.0061,0.036184,0,1,0,1,-0.018254
2.178545752,2.088919616,1.925654956,1.877433213,-0.037051,-0.003964,0.008292,-0.001243,0.004852,0.0061,-0.018254,1,0,1,0,-0.034492
1.417777752,2.178545752,1.64489725,1.925654956,-0.080051,-0.012317,0.012093,0.006025,0.00069,0.0061,-0.034492,0,1,0,1,-0.099916
1.976792579,1.417777752,2.047280909,1.64489725,-0.039044,-0.045431,0.03034,0.028729,0.000793,0.0054,-0.099916,1,0,1,0,-0.099845
1.933098111,1.976792579,2.14479599,2.047280909,0.060956,-0.015695,-0.002779,0.008763,-0.012439,0.0054,-0.099845,0,1,1,1,0.053049
2.190707655,1.933098111,1.860823501,2.14479599,-0.056044,-0.014158,0.007233,0.016047,-0.009826,0.0054,0.053049,1,0,0,1,-0.018646
1.636075164,2.190707655,1.688832616,1.860823501,-0.039044,-0.034286,0.03403,0.034589,-0.021326,0.0054,-0.018646,0,1,0,0,-0.070334
2.200218061,1.636075164,1.617571595,1.688832616,-0.061044,-0.018923,0.005151,0.023598,-0.02041,0.0054,-0.070334,1,0,0,0,-0.066092
2.007616236,2.200218061,2.197839908,1.617571595,0.018956,-0.072059,0.051684,0.050022,-0.032081,0.0054,-0.066092,0,1,1,0,-0.046154
2.13737389,2.007616236,1.486301293,2.197839908,-0.008044,0.053938,-0.026526,-0.026783,-0.001001,0.0054,-0.046154,1,0,1,1,0.1
1.954945345,2.13737389,1.768666391,1.486301293,-0.031044,-0.007899,0.027601,0.025328,-0.017559,0.0054,0.1,0,1,1,1,-0.013196
1.64040226,1.954945345,1.547917966,1.768666391,0.006956,0.002629,-0.006624,-0.006705,-0.001711,0.0054,-0.013196,0,0,0,1,0.050892
1.630394699,1.64040226,1.462726219,1.547917966,0.040956,0.024064,-0.025618,-0.018381,0.004861,0.0054,0.050892,0,0,0,0,0.099328
1.906951401,1.630394699,2.026920618,1.462726219,0.011956,0.021066,-0.015098,-0.015177,0.009086,0.0054,0.099328,1,0,1,0,0.020579
1.811598767,1.906951401,1.675973484,2.026920618,0.006956,0.021764,-0.009853,-0.006329,0.005618,0.0054,0.020579,0,1,0,1,0.036232
1.986275365,1.811598767,1.829747266,1.675973484,0.003956,0.013024,-0.009905,-0.015294,0.013019,0.0054,0.036232,1,0,1,0,-0.007905
1.772756172,1.986275365,1.876897416,1.829747266,0.025956,0.014447,-0.011256,-0.011174,0.005833,0.0054,-0.007905,0,1,1,1,0.026356
1.759167248,1.772756172,1.580601592,1.876897416,-0.015044,0.000248,-0.002921,-0.003322,0.005975,0.0054,0.026356,0,0,0,1,-0.045387
1.489405008,1.759167248,1.47558535,1.580601592,-0.090044,0.004179,0.001873,-0.000556,0.000708,0.0054,-0.045387,0,0,1,0,-0.077886
1.617441029,1.489405008,1.424684621,1.47558535,-0.018044,-0.032274,0.011312,0.014393,-0.008018,0.0054,-0.077886,1,0,0,1,-0.053596
1.287246745,1.617441029,1.430042593,1.424684621,0.036956,0.019914,-0.014668,-0.017873,0.015506,0.0054,-0.053596,0,1,1,0,0.043369
1.303965909,1.287246745,1.595068115,1.430042593,-0.028044,-0.001903,0.004482,-0.008247,0.009652,0.0054,0.043369,1,0,1,1,-0.099966
1.092665504,1.303965909,1.36467534,1.595068115,-0.011044,-0.013853,0.004546,0.010215,-0.003187,0.0054,-0.099966,0,1,0,1,-0.004962
1.536975449,1.092665504,1.381820849,1.36467534,-0.016044,-0.043446,0.023602,0.023872,-0.008209,0.0054,-0.004962,1,0,1,0,-0.060606
1.570284885,1.536975449,1.44558071,1.381820849,0.041956,0.030738,-0.02129,-0.019998,0.00793,0.0054,-0.060606,1,1,1,1,0.070641
1.706367465,1.570284885,1.510947962,1.44558071,-0.017044,0.014702,0.000387,-0.006764,0.004239,0.0054,0.070641,1,1,1,1,0.015637
1.420493695,1.706367465,1.416111867,1.510947962,-0.008044,0.009942,0.000345,-0.009824,0.002029,0.0054,0.015637,0,1,0,1,0.013519
1.176417836,1.420493695,1.449867087,1.416111867,0.025956,0.016983,-0.012836,-0.012982,0.004308,0.0054,0.013519,0,0,1,0,0.088922
1.548032561,1.176417836,1.544703183,1.449867087,0.051956,0.005503,-0.013758,-0.010189,0.005844,0.0054,0.088922,1,0,1,1,0.051718
1.531129265,1.548032561,1.447723899,1.544703183,-0.000044,0.009162,-0.003199,-0.009361,0.014677,0.0054,0.051718,0,1,0,1,-0.024264
1.205243664,1.531129265,1.310024031,1.447723899,-0.013044,0.001147,-0.005463,-0.001871,0.005287,0.0054,-0.024264,0,0,0,0,-0.038462
1.402384336,1.205243664,1.346994034,1.310024031,0.018956,0.013774,-0.011371,-0.012143,0.010368,0.0054,-0.038462,1,0,1,0,0.033103
1.358855588,1.402384336,1.264481273,1.346994034,0.002956,0.010267,-0.005266,-0.004729,0.008472,0.0054,0.033103,0,1,0,1,-0.018024
1.881357086,1.358855588,1.322883163,1.264481273,0.006956,0.014614,-0.006956,-0.015463,0.01772,0.0054,-0.018024,1,0,1,0,0.030252
1.559697308,1.881357086,1.355030992,1.322883163,-0.067044,-0.015015,0.013846,0.01364,-0.005071,0.0054,0.030252,0,1,1,1,-0.099967
1.720904667,1.559697308,1.23501243,1.355030992,0.014956,0.010788,-0.013227,-0.008426,0.004822,0.0054,-0.099967,1,0,0,1,0.012097
1.584370965,1.720904667,1.140712132,1.23501243,-0.035044,0.000518,0.00795,0.004745,-0.005478,0.0054,0.012097,0,1,0,0,-0.052879
1.248238431,1.584370965,1.204471993,1.140712132,-0.050044,-0.013789,0.017102,0.006496,-0.000208,0.0054,-0.052879,0,0,1,0,-0.086042
1.404888528,1.248238431,1.143391118,1.204471993,-0.094044,-0.001542,0.003102,0.00364,0.002642,0.0054,-0.086042,1,0,1,1,-0.1
1.267065903,1.404888528,1.216795327,1.143391118,-0.085044,-0.00765,-0.000152,0.004857,-0.002273,0.0054,-0.1,0,1,1,1,-0.099954
1.053436232,1.267065903,1.306273451,1.216795327,-0.016038,-0.019628,0.035692,0.035741,-0.017017,0.0048,-0.099954,0,0,1,1,-0.075413
1.364370334,1.053436232,1.25751591,1.306273451,0.055963,-0.010745,0.007939,0.006853,-0.011479,0.0048,-0.075413,1,0,0,1,0.09162
1.188239096,1.364370334,1.171788367,1.25751591,0.053963,0.016732,-0.01675,-0.014057,0.011884,0.0048,0.09162,0,1,0,0,0.072671
1.209892991,1.188239096,1.193220252,1.171788367,-0.013038,-0.034091,0.00849,0.01497,-0.004913,0.0048,0.072671,1,0,1,0,-0.098282
0.961195425,1.209892991,1.218402719,1.193220252,-0.016038,-0.05576,0.03277,0.022009,-0.009225,0.0048,-0.098282,0,1,1,1,-0.050265
0.945295647,0.961195425,1.41182549,1.218402719,-0.003038,-0.039575,0.032438,0.030634,-0.012119,0.0048,-0.050265,0,0,1,1,0.100279
1.377600201,0.945295647,1.364139543,1.41182549,-0.028038,0.041992,-0.018629,-0.017508,0.009353,0.0048,0.100279,1,0,1,1,-0.01519
1.256367848,1.377600201,1.25376533,1.364139543,0.032963,0.029252,-0.016852,-0.008125,0.001343,0.0048,-0.01519,0,1,0,1,0.069409
1.011131959,1.256367848,1.236084024,1.25376533,0.027963,0.020488,-0.01318,-0.007096,0.003887,0.0048,0.069409,0,0,0,0,0.058173
1.032656962,1.011131959,1.180361121,1.236084024,-0.014038,-0.001386,0.001903,-0.000004,-0.003515,0.0048,0.058173,1,0,0,0,-0.035438
1.13652569,1.032656962,1.013728207,1.180361121,0.000963,0.014897,-0.012854,-0.006994,0.005021,0.0048,-0.035438,1,1,0,0,0.010834
1.05640996,1.13652569,1.051769805,1.013728207,-0.038038,-0.041105,0.023974,0.016588,-0.014066,0.0048,0.010834,0,1,1,0,-0.100186
0.980741011,1.05640996,1.038910673,1.051769805,-0.042038,-0.012895,0.024164,0.024564,-0.010392,0.0048,-0.100186,0,0,0,1,-0.023822
0.978945727,0.980741011,1.032481108,1.038910673,0.056963,0.0209,-0.021671,-0.010145,0.004314,0.0048,-0.023822,0,0,0,0,0.100265
1.04887897,0.978945727,1.162144018,1.032481108,-0.021038,0.00311,-0.001207,0.004139,-0.005754,0.0048,0.100265,1,0,1,0,0.007715
0.902494219,1.04887897,1.021229367,1.162144018,0.005963,0.011665,-0.010486,-0.006436,-0.001919,0.0048,0.007715,0,1,0,1,0.039234
1.172781234,0.902494219,1.131067783,1.021229367,0.022963,0.019405,-0.02052,-0.007108,0.002161,0.0048,0.039234,1,0,1,0,0.059853
1.141423595,1.172781234,1.169109381,1.131067783,0.008963,0.001277,-0.003151,-0.002022,-0.000082,0.0048,0.059853,0,1,1,1,-0.01477
1.22832458,1.141423595,1.080167054,1.169109381,-0.020038,0.010775,-0.005573,-0.003472,-0.001609,0.0048,-0.01477,1,0,0,1,-0.012346
1.02858765,1.22832458,1.141783726,1.080167054,0.009963,0.009083,-0.006919,-0.006074,0.003342,0.0048,-0.012346,0,1,1,0,0.027232
0.748219421,1.02858765,0.84977428,1.141783726,-0.021038,-0.015946,0.017682,0.014575,-0.003551,0.0048,0.027232,0,0,0,1,-0.066058
1.021903667,0.748219421,1.060878357,0.84977428,0.007963,0.018394,-0.016071,-0.003557,-0.003366,0.0048,-0.066058,1,0,1,0,0.085156
0.865511354,1.021903667,1.365746935,1.060878357,-0.021038,0.004727,-0.000154,0.00466,-0.003899,0.0048,0.085156,0,1,1,1,0.02916
0.731481843,0.865511354,1.065700531,1.365746935,0.003963,-0.002108,-0.001932,-0.001435,-0.000826,0.0048,0.02916,0,0,0,1,-0.0225
0.9930226,0.731481843,1.138568943,1.065700531,0.035963,0.010956,-0.014985,-0.004602,-0.001858,0.0048,-0.0225,1,0,1,0,0.038363
0.810511196,0.9930226,1.080702851,1.138568943,0.014963,0.005003,-0.001885,-0.006165,0.001503,0.0048,0.038363,0,1,0,1,0.028325
1.087298063,0.810511196,1.243049387,1.080702851,0.038963,0.010539,-0.008601,-0.008804,0.000665,0.0048,0.028325,1,0,1,0,0.0499
1.249729898,1.087298063,1.307345045,1.243049387,0.003963,0.015373,-0.012185,-0.007954,0.003586,0.0048,0.0499,1,1,1,1,0.011787
0.994385175,1.249729898,1.426292013,1.307345045,-0.011038,-0.002704,0.003208,-0.000073,0.00247,0.0048,0.011787,0,1,1,1,0.022548
1.101107945,0.994385175,1.521663905,1.426292013,0.026963,0.01028,-0.011927,-0.008558,0.003259,0.0048,0.022548,1,0,1,1,0.028666
0.984285548,1.101107945,1.336813889,1.521663905,0.015963,0.002513,-0.00846,-0.003177,0.002208,0.0048,0.028666,0,1,0,1,0.000357
1.298064486,0.984285548,1.323954757,1.336813889,-0.000038,0.001349,-0.003252,-0.00509,0.00317,0.0048,0.000357,1,0,1,0,-0.028571
1.328639565,1.298064486,1.278947796,1.323954757,0.013963,0.006638,-0.004447,-0.002341,-0.001331,0.0048,-0.028571,1,1,0,1,0.01875
1.005331808,1.328639565,1.199649818,1.278947796,-0.038038,-0.028358,0.028508,0.022514,-0.011699,0.0048,0.01875,0,1,0,0,-0.099964
1.055093417,1.005331808,1.181432715,1.199649818,0.020963,0.02077,-0.022287,-0.012195,0.006005,0.0048,-0.099964,1,0,0,0,0.050521
1.033476348,1.055093417,1.248407359,1.181432715,0.018963,0.021784,-0.012417,-0.006935,0.002347,0.0048,0.050521,0,1,1,0,0.042748
1.117873142,1.033476348,1.582208983,1.248407359,0.005969,0.008045,-0.002939,-0.002457,-0.00149,0.0041,0.042748,1,0,1,1,0.099927
1.172624722,1.117873142,1.561848692,1.582208983,0.001969,0.005679,-0.009469,-0.014497,0.000635,0.0041,0.099927,1,1,0,1,-0.041597
1.138284148,1.172624722,1.297700697,1.561848692,-0.020031,-0.000969,0.01117,0.003893,0.002336,0.0041,-0.041597,0,1,0,0,-0.065972
1.045546185,1.138284148,1.260730693,1.297700697,0.004969,0.00924,-0.005866,-0.003541,0.004621,0.0041,-0.065972,0,0,0,0,0.016729
0.823059776,1.045546185,1.21625953,1.260730693,-0.002031,0.002601,-0.003586,0.003609,-0.002307,0.0041,0.016729,0,0,0,0,-0.024132
1.258549809,0.823059776,1.251622142,1.21625953,-0.020031,-0.00372,0.009352,0.010585,-0.003968,0.0041,-0.024132,1,0,1,0,-0.021731
0.841298027,1.258549809,1.111243289,1.251622142,-0.004031,0.005634,-0.001753,-0.001383,-0.00231,0.0041,-0.021731,0,1,0,1,-0.005745
0.988842809,0.841298027,1.230190256,1.111243289,0.049969,0.006722,-0.012854,-0.005862,-0.005498,0.0041,-0.005745,1,0,1,0,0.061248
1.129989012,0.988842809,1.314846205,1.230190256,0.015969,-0.015606,0.00711,0.004003,-0.002519,0.0041,0.061248,1,1,1,1,-0.0098
1.08487673,1.129989012,1.273054028,1.314846205,0.021969,0.006193,-0.013837,-0.005962,-0.007498,0.0041,-0.0098,0,1,0,1,0.035191
1.170866264,1.08487673,1.25751591,1.273054028,0.018969,0.003208,0.00298,-0.002222,-0.003226,0.0041,0.035191,1,0,1,0,0.008853
1.055001352,1.170866264,1.152499669,1.25751591,-0.000031,0.011653,-0.006576,-0.00448,0.003646,0.0041,0.008853,0,1,0,1,-0.010881
1.108473216,1.055001352,1.154107061,1.152499669,0.005969,0.019061,-0.011577,-0.004839,0.001651,0.0041,-0.010881,1,0,1,0,0.02555
1.313991883,1.108473216,1.280555188,1.154107061,-0.005031,0.011639,-0.004566,-0.000874,0.000449,0.0041,0.02555,1,1,1,1,-0.010727
1.294041207,1.313991883,1.128924595,1.280555188,-0.016031,-0.00243,-0.001371,-0.003232,-0.000231,0.0041,-0.010727,0,1,0,1,-0.029381
1.354500871,1.294041207,1.252693736,1.128924595,0.011969,0.01905,-0.00693,-0.007174,0.000774,0.0041,-0.029381,1,0,1,0,0.030631
1.36640499,1.354500871,1.126245609,1.252693736,-0.003031,-0.001704,0.004379,0.001236,0.004806,0.0041,0.030631,1,1,0,1,-0.032867
1.069520141,1.36640499,1.113922274,1.126245609,-0.012031,-0.004845,0.012417,0.007398,0.001291,0.0041,-0.032867,0,1,0,0,-0.043745
1.10684365,1.069520141,1.181432715,1.113922274,0.018969,0.0142,-0.010544,-0.009258,-0.002064,0.0041,-0.043745,1,0,1,0,0.040832
1.016462573,1.10684365,2.005488732,1.181432715,0.005969,0.016112,-0.005063,-0.006277,0.002893,0.0041,0.040832,0,1,1,1,0.05376
1.128018802,1.016462573,1.356102586,2.005488732,-0.007031,0.002667,0.003979,0.00353,-0.00062,0.0041,0.05376,1,0,1,1,-0.026887
0.949374165,1.128018802,1.250550548,1.356102586,0.003969,0.01283,-0.004794,-0.001678,-0.000095,0.0041,-0.026887,0,1,0,1,0.018774
1.029232111,0.949374165,1.523271297,1.250550548,0.012969,0.013524,-0.007279,-0.003464,0.002322,0.0041,0.018774,1,0,1,0,0.097357
1.046172233,1.029232111,1.400573749,1.523271297,-0.005031,0.002028,0.001766,0.003955,0.001713,0.0041,0.097357,1,1,0,1,-0.055767
0.995683304,1.046172233,1.255372722,1.400573749,-0.059031,-0.004917,0.007432,0.007638,0.002131,0.0041,-0.055767,0,1,0,0,-0.083221
0.988723123,0.995683304,1.244120982,1.255372722,0.004969,0.008679,0.004155,0.003316,-0.002263,0.0041,-0.083221,0,0,1,0,0.01757
1.117532498,0.988723123,1.19000547,1.244120982,0.001969,-0.001056,0.000984,0.005953,0.000976,0.0041,0.01757,1,0,0,1,-0.003597
0.87615417,1.117532498,1.175003149,1.19000547,0.019969,-0.034875,0.015168,0.01064,-0.002425,0.0041,-0.003597,0,1,0,0,-0.031408
0.860438524,0.87615417,1.270910839,1.175003149,0.018969,0.016392,-0.001367,-0.007968,0.001898,0.0041,-0.031408,0,0,1,0,0.029072
0.860862027,0.860438524,1.245192576,1.270910839,-0.015031,0.018362,-0.010063,-0.008725,0.006725,0.0041,0.029072,1,0,0,1,-0.029337
0.885369965,0.860862027,1.181968512,1.245192576,0.004969,0.012842,-0.007163,-0.005175,0.004455,0.0041,-0.029337,1,1,1,0,0.00597
1.056603298,0.885369965,1.296629102,1.181968512,-0.020031,0.002919,-0.001696,0.002305,-0.002275,0.0041,0.00597,1,1,1,1,-0.050074
0.949770049,1.056603298,1.307345045,1.296629102,0.000969,-0.00277,-0.001149,0.001914,-0.004344,0.0041,-0.050074,0,1,1,1,-0.014447
1.085576431,0.949770049,1.265552868,1.307345045,-0.004031,0.00175,-0.006526,-0.000648,-0.004783,0.0041,-0.014447,1,0,0,1,0.013867
0.742492923,1.085576431,1.192684455,1.265552868,-0.007031,-0.003007,-0.001432,0.002494,0.002039,0.0041,0.013867,0,1,0,0,-0.016022
1.083090652,0.742492923,1.218938516,1.192684455,0.024969,-0.005865,-0.000375,-0.001547,-0.002821,0.0041,-0.016022,1,0,1,0,0.018666
0.852226247,1.083090652,1.219474313,1.218938516,-0.000031,0.017627,-0.009248,-0.003627,0.001008,0.0041,0.018666,0,1,1,1,0.00039
0.946289958,0.852226247,1.183575904,1.219474313,0.002969,0.008643,-0.000664,-0.002517,0.002394,0.0041,0.00039,1,0,0,1,0.006625
1.034535106,0.946289958,1.422541433,1.183575904,0.020969,0.011704,-0.002437,-0.002647,-0.001326,0.0041,0.006625,1,1,1,0,0.088657
0.919774985,1.034535106,1.291806928,1.422541433,-0.000031,0.003084,-0.002389,0.007953,0.002841,0.0041,0.088657,0,1,0,1,-0.028094
1.043594389,0.919774985,1.284841565,1.291806928,0.016969,-0.008463,0.001641,0.006226,-0.003916,0.0041,-0.028094,1,0,1,0,-0.001098
1.093254725,1.043594389,1.282698377,1.284841565,0.003969,0.00674,-0.005699,-0.004843,0.004972,0.0041,-0.001098,1,1,0,1,0.004762
1.175432731,1.093254725,1.270375042,1.282698377,-0.006031,-0.005857,0.003979,0.004594,-0.003222,0.0041,0.004762,1,1,0,0,-0.018957
0.877084035,1.175432731,1.258051708,1.270375042,-0.005031,0.007571,0.001826,-0.00375,0.001922,0.0041,-0.018957,0,1,0,0,-0.01858
0.899502077,0.877084035,1.149284886,1.258051708,0.003969,0.009366,-0.000572,-0.004167,-0.000665,0.0041,-0.01858,1,0,0,0,0.012117
0.984322374,0.899502077,1.203400398,1.149284886,-0.026031,0.003382,0.001181,0.002894,-0.00317,0.0041,0.012117,1,1,1,0,-0.013842
0.876540846,0.984322374,1.199114021,1.203400398,0.008969,0.006466,-0.00088,0.000326,-0.002439,0.0041,-0.013842,0,1,0,1,0.024279
1.040224778,0.876540846,1.258587505,1.199114021,0.004969,0.0127,-0.00695,-0.001623,0.000426,0.0041,0.024279,1,0,1,0,0.021852
0.632105931,1.040224778,1.150356481,1.258587505,-0.012031,-0.005202,0.002782,0.003699,-0.00049,0.0041,0.021852,0,1,0,1,-0.006162
0.976303436,0.632105931,1.239298807,1.150356481,-0.074031,-0.014831,0.014915,0.010625,0.001052,0.0041,-0.006162,1,0,1,0,-0.099927
0.8538374,0.976303436,1.225903879,1.239298807,-0.007031,-0.020335,0.011814,0.010173,-0.003304,0.0041,-0.099927,0,1,0,1,-0.030794
0.72711792,0.8538374,1.160000829,1.225903879,0.023969,0.003591,0.003211,-0.003959,0.009442,0.0041,-0.030794,0,0,0,0,0.011706
0.871136579,0.72711792,1.10159894,1.160000829,-0.075031,-0.014002,0.016414,0.007908,-0.004355,0.0041,0.011706,1,0,0,0,-0.1
0.655417012,0.871136579,1.211437356,1.10159894,0.016969,-0.014479,0.013446,0.009323,0.002732,0.0041,-0.1,0,1,1,0,0.011478
0.830811723,0.655417012,1.226975473,1.211437356,-0.059031,-0.022275,0.017528,0.014059,-0.002423,0.0041,0.011478,1,0,1,1,-0.096686
0.788350938,0.830811723,1.196970833,1.226975473,0.001969,-0.007767,0.00153,0.00583,-0.010977,0.0041,-0.096686,0,1,0,1,0.020101
0.772230203,0.788350938,1.113386477,1.196970833,-0.028031,-0.016066,0.011842,0.009308,-0.001062,0.0041,0.020101,0,0,0,0,-0.046798
0.679685578,0.772230203,1.160536626,1.113386477,0.023969,0.014265,-0.015112,-0.00953,0.000211,0.0041,-0.046798,0,0,1,0,0.052196
0.800917931,0.679685578,1.093026185,1.160536626,-0.037031,-0.000261,-0.000979,0.003858,-0.006541,0.0041,0.052196,1,0,0,1,-0.056974
0.915880598,0.800917931,1.14285532,1.093026185,0.007969,0.015725,-0.01253,-0.012242,0.003373,0.0041,-0.056974,1,1,1,0,0.057292
0.963837715,0.915880598,1.191077064,1.14285532,0.034969,0.009791,-0.008198,-0.002811,0.000163,0.0041,0.057292,1,1,1,1,0.04335
0.914545642,0.963837715,1.128924595,1.191077064,-0.011031,0.007461,0.002127,0.000823,0.003087,0.0041,0.04335,0,1,0,1,-0.008026
0.668683705,0.914545642,1.084989228,1.128924595,-0.035031,-0.008048,0.013094,0.009296,-0.005496,0.0041,-0.008026,0,0,0,0,-0.064731
0.653520455,0.668683705,1.016407193,1.084989228,0.012969,0.005308,-0.00405,-0.002633,0.002289,0.0041,-0.064731,0,0,0,0,0.024427
0.806414264,0.653520455,0.996582699,1.016407193,0.007969,0.010228,-0.001582,-0.002234,0.004457,0.0041,0.024427,1,0,1,0,0.018381
0.830176468,0.806414264,1.092490388,0.996582699,-0.068031,-0.009488,0.009439,0.007918,-0.002504,0.0041,0.018381,1,1,1,1,-0.1
0.739491575,0.830176468,1.065700531,1.092490388,-0.006031,-0.007165,0.006702,0.006397,-0.002407,0.0041,-0.1,0,1,0,1,-0.020596
0.672320308,0.739491575,1.021765165,1.065700531,-0.033031,-0.014121,0.009994,0.015839,-0.001967,0.0041,-0.020596,0,0,0,0,-0.074156
0.604007423,0.672320308,0.994975307,1.021765165,0.033969,0.006071,-0.012173,-0.00579,-0.004741,0.0041,-0.074156,0,0,0,0,0.069934
0.937497667,0.604007423,0.867991383,0.994975307,-0.017031,0.006061,-0.002179,0.004525,-0.003311,0.0041,0.069934,1,0,1,0,0.016201
0.639646126,0.937497667,0.947289361,0.867991383,0.025969,0.013989,-0.011506,-0.010144,-0.000037,0.0041,0.016201,0,1,1,1,0.04453
0.517336602,0.639646126,1.224832284,0.947289361,-0.002031,0.011287,-0.007468,-0.003642,0.003336,0.0041,0.04453,0,0,1,1,0.1
0.45824872,0.517336602,1.156786046,1.224832284,0.015969,0.009188,-0.007225,-0.004477,0.002472,0.0041,0.1,0,0,0,1,0.003349
0.374901477,0.45824872,0.788157607,1.156786046,-0.008031,-0.000874,0.004058,0.001546,0.001042,0.0041,0.003349,0,0,0,0,-0.022413
0.397973187,0.374901477,1.090882997,0.788157607,-0.005031,0.005387,-0.004263,-0.002112,-0.001906,0.0041,-0.022413,1,0,1,0,0.013171
0.563130172,0.397973187,1.066772125,1.090882997,0.036969,0.007102,-0.010718,-0.010583,0.002068,0.0041,0.013171,1,1,0,1,0.050072
0.740007144,0.563130172,0.961220087,1.066772125,0.011969,0.003303,-0.003788,-0.003604,0.003726,0.0041,0.050072,1,1,0,0,-0.005961
0.777303033,0.740007144,0.995511104,0.961220087,-0.003031,0.001773,0.000319,-0.002101,0.004583,0.0041,-0.005961,1,1,1,0,-0.01845
0.816808502,0.777303033,0.840129931,0.995511104,0.000969,0.005514,-0.003831,-0.005398,0.001255,0.0041,-0.01845,1,1,0,1,-0.00235
0.805429159,0.816808502,1.111243289,0.840129931,0.023969,-0.000837,0.00002,-0.001141,0.00219,0.0041,-0.00235,0,1,1,0,0.019783
0.846214345,0.805429159,1.089275605,1.111243289,-0.008031,0.00351,0.001957,-0.000171,0.004765,0.0041,0.019783,1,0,0,1,0.014781
0.872784558,0.846214345,1.014264004,1.089275605,0.006969,-0.00582,-0.000623,-0.005477,0.005883,0.0041,0.014781,1,1,0,0,-0.02822
0.967290186,0.872784558,1.072130097,1.014264004,-0.070031,-0.013725,0.015813,0.007779,-0.001719,0.0041,-0.02822,1,1,1,0,-0.099766
0.590188335,0.967290186,1.034624296,1.072130097,0.006969,-0.013204,0.01344,0.008369,0.001642,0.0041,-0.099766,0,1,0,1,-0.007284
0.602543576,0.590188335,1.192148658,1.034624296,-0.037031,-0.03074,0.029853,0.021189,-0.005198,0.0041,-0.007284,1,0,1,0,-0.080189
0.543989675,0.602543576,1.173931555,1.192148658,0.019969,0.003729,-0.00727,0.001287,-0.003211,0.0041,-0.080189,0,1,0,1,0.051852
0.507688098,0.543989675,1.179825324,1.173931555,0.046969,0.005359,-0.009324,-0.003693,0.004699,0.0041,0.051852,0,0,1,0,0.049837
0.623589837,0.507688098,1.121959232,1.179825324,0.002969,-0.000033,-0.000452,-0.002304,0.000909,0.0041,0.049837,1,0,0,1,-0.01032
0.532251275,0.623589837,1.082310242,1.121959232,-0.002031,-0.035371,0.024608,0.015067,-0.007249,0.0041,-0.01032,0,1,0,0,-0.064651
0.632713565,0.532251275,1.144998509,1.082310242,0.010969,0.016037,-0.011698,-0.010997,0.009931,0.0041,-0.064651,1,0,1,0,0.023411
0.47740763,0.632713565,1.121423434,1.144998509,0.002969,0.009517,-0.001757,-0.005972,0.002027,0.0041,0.023411,0,1,0,1,0.047386
0.574380623,0.47740763,0.973543421,1.121423434,-0.016031,-0.002592,0.001827,0.00874,-0.011321,0.0041,0.047386,1,0,0,0,-0.031201
0.601006076,0.574380623,0.955326318,0.973543421,-0.020031,0.001701,0.001485,0.00295,-0.00063,0.0041,-0.031201,1,1,0,0,-0.025228
0.300613517,0.601006076,0.865312397,0.955326318,0.000969,-0.003537,0.0033,0.002832,-0.003213,0.0041,-0.025228,0,1,0,0,0.003855
0.450082476,0.300613517,1.054984588,0.865312397,0.022969,0.01578,-0.013863,-0.007625,0.000111,0.0041,0.003855,1,0,1,0,0.053209
0.588945445,0.450082476,0.942467186,1.054984588,-0.002031,-0.003892,0.002514,0.003989,-0.002535,0.0041,0.053209,1,1,0,1,-0.002083
0.496437647,0.588945445,0.946753564,0.942467186,-0.000031,-0.006593,0.007953,0.004678,-0.003055,0.0041,-0.002083,0,1,1,0,-0.01096
0.683635205,0.496437647,1.098919954,0.946753564,0.017969,0.017511,-0.01659,-0.0089,-0.001171,0.0041,-0.01096,1,0,1,1,0.082322
0.579959815,0.683635205,1.121959232,1.098919954,0.021969,0.016622,-0.017201,-0.013455,0.000785,0.0041,0.082322,0,1,1,1,0.022916
0.629132203,0.579959815,1.23501243,1.121959232,0.022969,0.005056,-0.014885,-0.008222,-0.003527,0.0041,0.022916,1,0,1,1,0.020496
0.673434305,0.629132203,1.158929235,1.23501243,-0.006031,0.004945,-0.000079,-0.002,-0.000786,0.0041,0.020496,1,1,0,1,-0.01588
0.892035534,0.673434305,1.177682135,1.158929235,0.005969,0.007057,-0.006308,-0.001593,-0.001704,0.0041,-0.01588,1,1,1,0,0.004746
0.612947021,0.892035534,1.265017071,1.177682135,-0.017031,0.002821,0.002612,0.004506,-0.001538,0.0041,0.004746,0,1,1,1,-0.011809
0.937313535,0.612947021,1.036767485,1.265017071,0.005969,0.003542,-0.002441,-0.002137,0.001452,0.0041,-0.011809,1,0,0,1,0.013384
0.739491575,0.937313535,1.166430395,1.036767485,-0.007031,0.003407,0.001512,0.004344,0.001689,0.0041,0.013384,0,1,1,0,0.020283
0.696340296,0.739491575,1.191077064,1.166430395,-0.015031,-0.007475,0.007322,0.001991,-0.001767,0.0041,0.020283,0,0,1,1,-0.036061
0.663067687,0.696340296,1.233940836,1.191077064,0.031969,0.010828,-0.006494,-0.003005,-0.004168,0.0041,-0.036061,0,0,1,1,0.061391
0.829218983,0.663067687,1.22376069,1.233940836,0.000969,0.003838,-0.001252,-0.002075,0.000749,0.0041,0.061391,1,0,0,1,-0.002711
0.775295996,0.829218983,1.032481108,1.22376069,-0.000031,-0.00416,0.007304,0.003049,0.003996,0.0041,-0.002711,0,1,0,0,-0.008609
0.615837889,0.775295996,1.271982434,1.032481108,0.017969,0.011854,-0.012253,-0.010104,-0.000755,0.0041,-0.008609,0,0,1,0,0.037477
0.625937516,0.615837889,1.306809248,1.271982434,0.000969,0.00819,-0.00514,0.002776,0.000888,0.0041,0.037477,1,0,1,1,0.017621
0.618240809,0.625937516,1.400573749,1.306809248,-0.015031,-0.000644,0.004763,0.001545,0.000641,0.0041,0.017621,0,1,1,1,-0.005195
0.747657819,0.618240809,1.271446636,1.400573749,-0.008031,0.000545,0.000022,-0.000265,0.003465,0.0041,-0.005195,1,0,0,1,0.013055
0.689711553,0.747657819,1.333063309,1.271446636,0.017969,0.005999,-0.003009,-0.00008,0.002327,0.0041,0.013055,0,1,1,0,0.050258
0.744076456,0.689711553,1.36092476,1.333063309,-0.005031,-0.003135,0.001712,-0.002277,0.004231,0.0041,0.050258,1,0,1,1,-0.006135
0.562375232,0.744076456,1.396823169,1.36092476,0.014969,-0.001069,-0.001323,-0.002458,0.000806,0.0041,-0.006135,0,1,1,1,-0.006996
0.483078888,0.562375232,1.320204177,1.396823169,0.005969,0.008453,-0.004789,-0.004853,-0.000386,0.0041,-0.006996,0,0,0,1,-0.003315
0.637344479,0.483078888,1.232869242,1.320204177,-0.001031,0.007174,-0.002042,-0.001479,0.000917,0.0041,-0.003315,1,0,0,0,-0.00499
0.587748589,0.637344479,1.222153299,1.232869242,-0.014031,0.003899,0.004165,-0.000773,0.001442,0.0041,-0.00499,0,1,1,0,-0.024237
0.658142162,0.587748589,1.098384157,1.222153299,0.002969,0.003035,-0.002862,-0.000725,-0.000609,0.0041,-0.024237,1,0,0,1,0.007709
0.642702714,0.658142162,1.140712132,1.098384157,-0.030031,-0.021751,0.014121,0.010772,-0.002119,0.0041,0.007709,0,1,1,0,-0.063748
0.553214677,0.642702714,1.213580544,1.140712132,-0.008031,-0.006324,0.006152,0.000835,0.002845,0.0041,-0.063748,0,0,1,1,0.017703
0.706780567,0.553214677,1.058735168,1.213580544,0.004969,0.008745,-0.004095,0.001099,-0.004548,0.0041,0.017703,1,0,0,1,0.015611
0.650178463,0.706780567,1.352352006,1.058735168,-0.004031,0.002026,0.003806,0.000893,0.006245,0.0041,0.015611,0,1,1,0,0.054018
0.686222256,0.650178463,1.420934041,1.352352006,0.007969,0.007602,-0.003673,-0.003271,-0.000553,0.0041,0.054018,1,0,1,1,0.010833
0.594055102,0.686222256,1.496481439,1.420934041,-0.004031,0.00485,-0.001315,0.002887,-0.000846,0.0041,0.010833,0,1,1,1,-0.060594
0.634499643,0.594055102,1.243585185,1.496481439,-0.002031,0.000854,0.001922,0.00277,-0.004178,0.0041,-0.060594,1,0,0,1,0.000439
0.625891484,0.634499643,1.083917634,1.243585185,-0.002031,0.001535,-0.001827,0.000794,0.001743,0.0041,0.000439,0,1,0,0,-0.014474
0.58677269,0.625891484,1.145534306,1.083917634,0.021969,0.007871,-0.009949,-0.002814,-0.000626,0.0041,-0.014474,0,0,1,0,0.034268
0.584958993,0.58677269,1.146070103,1.145534306,-0.001031,0.001599,0.000438,-0.003364,-0.000249,0.0041,0.034268,0,0,1,1,0.004733
0.553951204,0.584958993,1.206079384,1.146070103,0.002969,0.003657,-0.001795,-0.002603,-0.000328,0.0041,0.004733,0,0,1,1,0.005567
0.639784225,0.553951204,1.092490388,1.206079384,-0.032031,-0.013183,0.012291,0.007435,-0.003617,0.0041,0.005567,1,0,0,1,-0.05707
0.490536224,0.639784225,1.030337919,1.092490388,-0.031031,-0.01957,0.00928,0.011988,-0.008425,0.0041,-0.05707,0,1,1,0,-0.042457
0.544321112,0.490536224,0.933358635,1.030337919,-0.000031,-0.005278,0.003011,0.00085,0.000196,0.0041,-0.042457,1,0,0,1,0.00283
0.738423611,0.544321112,0.979972987,0.933358635,-0.000031,-0.013229,0.005105,0.008123,-0.002986,0.0041,0.00283,1,1,1,0,-0.019285
0.526929867,0.738423611,1.027658933,0.979972987,-0.000031,-0.005491,0.001584,0.003069,-0.005073,0.0041,-0.019285,0,1,1,1,0.020624
0.644884675,0.526929867,0.992832118,1.027658933,-0.003031,0.002007,0.002257,0.001661,0.002043,0.0041,0.020624,1,0,0,1,0.007049
0.546558313,0.644884675,1.02444415,0.992832118,0.010969,0.012079,-0.008459,-0.006277,0.002897,0.0041,0.007049,0,1,1,0,0.010733
0.541623582,0.546558313,1.067843719,1.02444415,-0.002031,-0.000198,-0.00314,-0.000443,-0.000371,0.0041,0.010733,0,0,1,1,-0.01662
0.514813997,0.541623582,1.078559662,1.067843719,-0.016031,-0.020309,0.010234,0.009393,-0.006578,0.0041,-0.01662,0,0,1,1,-0.046948
0.423770047,0.514813997,1.058199371,1.078559662,0.000969,0.004587,-0.001938,-0.005043,0.00161,0.0041,-0.046948,0,0,0,1,-0.000985
0.556289677,0.423770047,1.039982268,1.058199371,0.007969,0.004832,-0.003679,-0.003136,-0.003809,0.0041,-0.000985,1,0,0,0,0.011341
0.589461014,0.556289677,1.097312563,1.039982268,0.008969,0.011982,-0.004253,-0.003019,0.001148,0.0041,0.011341,1,1,1,0,0.032667
0.625688939,0.589461014,0.996582699,1.097312563,-0.008031,-0.001562,0.002915,0.000071,0.000104,0.0041,0.032667,1,1,0,1,-0.018886
0.588006373,0.625688939,1.008370236,0.996582699,-0.002031,0.00029,0.002135,0.000351,0.000205,0.0041,-0.018886,0,1,1,0,-0.006256
0.525502846,0.588006373,1.02069357,1.008370236,0.003969,0.001648,-0.00062,-0.00131,-0.00037,0.0041,-0.006256,0,0,1,1,0.004843
0.574804126,0.525502846,0.946753564,1.02069357,-0.000031,0.000873,0.001108,-0.002952,0.00451,0.0041,0.004843,1,0,0,1,-0.007711
0.539717818,0.574804126,1.029802122,0.946753564,-0.000031,-0.003254,0.001468,0.00231,-0.001186,0.0041,-0.007711,0,1,1,0,0.000486
0.447145574,0.539717818,1.245192576,1.029802122,0.035969,0.006869,-0.013908,-0.005725,-0.00369,0.0041,0.000486,0,0,1,1,0.058738
0.447440185,0.447145574,1.157321843,1.245192576,0.000969,0.008675,-0.002657,-0.003794,0.00041,0.0041,0.058738,1,0,0,1,0.010087
0.4081925,0.447440185,1.178217932,1.157321843,0.004969,0.007604,-0.002714,-0.002677,0.00189,0.0041,0.010087,0,1,1,0,0.012256
0.468053736,0.4081925,1.015871396,1.178217932,0.004969,-0.002149,-0.003461,0.001835,0.000264,0.0041,0.012256,1,0,0,1,0.008072
0.440581277,0.468053736,1.251622142,1.015871396,-0.000031,0.005158,0.000293,-0.001991,0.0024,0.0041,0.008072,0,1,1,0,0.048488
0.37254459,0.440581277,1.509876368,1.251622142,0.000969,0.003139,0.000222,0.001507,-0.002485,0.0041,0.048488,0,0,1,1,0.019941
0.396942049,0.37254459,1.191612861,1.509876368,-0.003031,0.001967,0.001549,0.000147,-0.001608,0.0041,0.019941,1,0,0,1,-0.014975
0.300429385,0.396942049,1.116065463,1.191612861,-0.037031,-0.01596,0.014925,0.010526,0.000581,0.0041,-0.014975,0,1,1,0,-0.065878
0.278241508,0.300429385,1.104277926,1.116065463,0.003969,0.00168,-0.000645,-0.000897,-0.001173,0.0041,-0.065878,0,0,0,1,0.03255
0.245760665,0.278241508,1.504518396,1.104277926,0.019969,0.017537,-0.010039,-0.007709,-0.000535,0.0041,0.03255,0,0,1,0,0.089317
0.302556107,0.245760665,1.465405205,1.504518396,-0.004031,0.007696,0.000613,-0.001619,0.000128,0.0041,0.089317,1,0,0,1,0.004421
0.388287856,0.302556107,1.238227213,1.465405205,0.005969,0.000291,-0.000936,-0.000908,0.001367,0.0041,0.004421,1,1,0,0,-0.018007
0.493712497,0.388287856,1.439686941,1.238227213,0.016969,0.006646,-0.008571,-0.007175,-0.0011,0.0041,-0.018007,1,1,1,0,0.018337
0.332348626,0.493712497,1.248943156,1.439686941,0.006969,0.005982,-0.005268,-0.001382,0.001411,0.0041,0.018337,0,1,0,1,0
0.315739941,0.332348626,1.176074744,1.248943156,0.004969,-0.003169,0.003812,-0.001902,-0.000572,0.0041,0,0,0,0,0,-0.019608
0.316145031,0.315739941,1.157321843,1.176074744,0.000969,0.001249,-0.00153,0.000544,0.002278,0.0041,-0.019608,1,0,0,0,-0.004082
0.593346194,0.316145031,1.179289527,1.157321843,-0.000031,-0.00142,0.006028,-0.000953,-0.000053,0.0041,-0.004082,1,1,1,0,0.003279
0.56998908,0.593346194,1.213580544,1.179289527,0.017969,-0.000454,0.000329,-0.007411,0.000731,0.0041,0.003279,0,1,1,1,0.017565
0.501565717,0.56998908,1.172324164,1.213580544,0.003969,0.001983,0.001863,-0.005107,0.005401,0.0041,0.017565,0,0,0,1,-0.006825
0.499125971,0.501565717,1.164287206,1.172324164,0.003969,0.002091,-0.001503,0.002095,-0.000865,0.0041,-0.006825,0,0,0,0,-0.00768
0.50859955,0.499125971,1.270910839,1.164287206,0.000969,0.001026,0.003629,-0.001851,0.002108,0.0041,-0.00768,1,0,1,0,0.038697
0.49883136,0.50859955,1.280019391,1.270910839,-0.005031,0.004209,-0.004227,0.002809,-0.001745,0.0041,0.038697,0,1,1,1,-0.008627
0.468136595,0.49883136,1.180896918,1.280019391,0.000969,-0.008319,0.004092,-0.001428,0.005392,0.0041,-0.008627,0,0,1,1,-0.026899
0.591937586,0.468136595,1.133210972,1.180896918,0.016969,-0.00866,0.006575,0.005243,-0.001174,0.0041,-0.026899,1,0,0,1,0
0.51248473,0.591937586,1.159465032,1.133210972,0.006969,0.001087,-0.001545,-0.002456,-0.000993,0.0041,0,0,1,1,0,0.00935
0.543050603,0.51248473,1.296093305,1.159465032,-0.002031,0.004562,-0.004166,-0.002049,-0.001577,0.0041,0.00935,1,0,1,1,0.001611
0.468072149,0.543050603,1.462726219,1.296093305,-0.000031,-0.003052,0.005571,0.003946,0.002118,0.0041,0.001611,0,1,1,1,-0.006836
0.429855602,0.468072149,1.150356481,1.462726219,-0.003031,-0.000457,0.002194,-0.001373,0.000989,0.0041,-0.006836,0,0,1,1,-0.025911
0.552524182,0.429855602,1.143391118,1.150356481,-0.001031,0.006679,-0.00688,-0.005758,-0.000782,0.0041,-0.025911,1,0,0,1,0.016209
0.44135463,0.552524182,1.195363441,1.143391118,-0.002031,0.00546,-0.003156,0.001198,-0.002861,0.0041,0.016209,0,1,1,0,0.006953
0.319017487,0.44135463,1.076416474,1.195363441,0.002969,-0.001674,-0.000952,0.000539,-0.00047,0.0041,0.006953,0,0,0,1,0.005686
0.441566382,0.319017487,1.109635897,1.076416474,-0.008031,-0.001991,-0.004258,-0.002225,0.001851,0.0041,0.005686,1,0,1,0,0.015751
0.438933298,0.441566382,1.134818363,1.109635897,0.000969,0.001865,0.001123,0.001905,0.001121,0.0041,0.015751,0,1,1,1,-0.002386
0.440001262,0.438933298,1.158929235,1.134818363,0.011969,0.000755,-0.00049,-0.000354,-0.00115,0.0041,-0.002386,1,0,1,1,0.006377
0.364405966,0.440001262,1.209294167,1.158929235,-0.026031,-0.024861,0.021748,0.012123,0.003198,0.0041,0.006377,0,1,1,1,-0.079208
0.356957837,0.364405966,1.019086179,1.209294167,-0.000031,-0.003236,0.00631,0.006556,0.003415,0.0041,-0.079208,0,0,0,1,-0.00043
0.381778798,0.356957837,0.949968347,1.019086179,-0.005031,-0.001063,0.004443,0.004194,0.000219,0.0041,-0.00043,1,0,0,0,-0.020654
0.385599532,0.381778798,0.937109215,0.949968347,-0.010031,-0.007319,0.009024,0.00175,0.000433,0.0041,-0.020654,1,1,1,0,0
0.389991075,0.385599532,0.888351674,0.937109215,0.005969,0.004597,-0.003329,-0.003504,-0.000398,0.0041,0,1,1,0,1,0.006591
0.37491989,0.389991075,0.896388632,0.888351674,0.001969,0.004614,-0.001158,-0.001484,0.00198,0.0041,0.006591,0,1,1,0,-0.00873
0.416294297,0.37491989,0.836915148,0.896388632,0.002969,0.00224,-0.005224,-0.00239,-0.001978,0.0041,-0.00873,1,0,0,1,0.010568
0.49842627,0.416294297,0.729755718,0.836915148,-0.002031,-0.00273,0.006191,0.000001,0.000856,0.0041,0.010568,1,1,0,0,-0.010458
0.497128141,0.49842627,0.824591813,0.729755718,0.009969,-0.000493,-0.000865,-0.006077,0.000346,0.0041,-0.010458,0,1,1,0,0.011889
0.516250225,0.497128141,0.880314717,0.824591813,0.007969,0.003463,-0.005291,0.001413,-0.002532,0.0041,0.011889,1,0,1,1,0.013055
0.4902232,0.516250225,0.854060657,0.880314717,-0.003031,0.001207,0.002293,-0.003058,0.003105,0.0041,0.013055,0,1,0,1,-0.010309
0.54111722,0.4902232,0.829949785,0.854060657,-0.006031,-0.007782,0.009119,0.003532,0.001425,0.0041,-0.010309,1,0,0,0,-0.019097
0.446685245,0.54111722,0.752794995,0.829949785,0.015969,-0.00307,0.006932,0.003867,-0.003129,0.0041,-0.019097,0,1,0,0,0.015044
0.401563756,0.446685245,1.067307922,0.752794995,0.024969,-0.003376,-0.000399,0.004697,-0.009257,0.0041,0.015044,0,0,1,0,0.035745
0.453884797,0.401563756,1.291806928,1.067307922,-0.002031,0.009232,-0.009055,-0.002596,0.002563,0.0041,0.035745,1,0,1,1,0.000421
0.392301929,0.453884797,1.100527346,1.291806928,-0.000031,0.004677,-0.003178,-0.005251,0.001409,0.0041,0.000421,0,1,0,1,0.015566
0.347051548,0.392301929,1.010513424,1.100527346,-0.001031,0.003798,-0.000948,-0.002544,0.000531,0.0041,0.015566,0,0,0,0,-0.008285
0.369893093,0.347051548,0.937109215,1.010513424,0.001969,0.002023,0.000529,-0.000364,0.000432,0.0041,-0.008285,1,0,0,0,0.013367
0.325001769,0.369893093,0.984795161,0.937109215,-0.008031,-0.001823,0.004563,0.005804,0.000925,0.0041,0.013367,0,1,1,0,-0.036274
0.367996536,0.325001769,0.901210806,0.984795161,0.001969,0.002443,0.000828,0.000711,-0.000538,0.0041,-0.036274,1,0,0,1,0.004705
0.336445558,0.367996536,0.925857475,0.901210806,-0.000031,0.004872,-0.003391,-0.002082,-0.000962,0.0041,0.004705,0,1,1,0,0.012346
0.287070626,0.336445558,0.886208486,0.925857475,-0.006031,0.002254,0.003634,0.000747,-0.00118,0.0041,0.012346,0,0,0,1,-0.002523
0.366974604,0.287070626,0.833164568,0.886208486,0.000969,0.004068,-0.004481,-0.00047,0.001065,0.0041,-0.002523,1,0,0,0,-0.005059
0.300558277,0.366974604,0.871741963,0.833164568,0.000969,0.003263,-0.002483,-0.00057,0.001237,0.0041,-0.005059,0,1,1,0,0.002119
0.358338825,0.300558277,0.866919788,0.871741963,0.001969,-0.001096,0.001118,-0.002452,0.001809,0.0041,0.002119,1,0,0,1,0.000423
0.353293614,0.358338825,0.958541101,0.866919788,0.002969,-0.000745,0.001529,0.003297,0.000613,0.0041,0.000423,0,1,1,0,0.010989
0.285643605,0.353293614,0.886208486,0.958541101,-0.007031,0.000218,0.000303,-0.00029,0.001811,0.0041,0.010989,0,0,0,1,-0.008779
0.255399962,0.285643605,0.834771959,0.886208486,-0.000031,-0.002353,0.003708,0.002139,-0.000896,0.0041,-0.008779,0,0,0,0,-0.001687
0.262001086,0.255399962,0.957469507,0.834771959,0.002969,0.003407,0.000351,-0.003277,0.002404,0.0041,-0.001687,1,0,1,0,0.012252
0.259358795,0.262001086,0.977294001,0.957469507,0.008969,0.006792,-0.00761,-0.001134,-0.005195,0.0041,0.012252,0,1,1,1,0.007095
0.297860747,0.259358795,1.042661253,0.977294001,-0.000031,0.001805,0.002316,0.000597,0.000446,0.0041,0.007095,1,0,1,1,-0.005802
0.280478709,0.297860747,1.007834439,1.042661253,0.001969,0.005739,-0.001232,-0.002966,0.000571,0.0041,-0.005802,0,1,0,1,-0.007086
0.265343078,0.280478709,1.211973153,1.007834439,-0.006031,-0.000047,0.000552,-0.002838,0.002942,0.0041,-0.007086,0,0,1,0,-0.032326
0.295117184,0.265343078,1.043732848,1.211973153,-0.022031,-0.008782,0.010578,0.011942,-0.001682,0.0041,-0.032326,1,0,1,1,-0.023529
0.291710746,0.295117184,0.952111535,1.043732848,0.001969,0.010059,-0.003206,-0.005165,0.001611,0.0041,-0.023529,0,1,0,1,0.011245
0.279889487,0.291710746,0.907640372,0.952111535,-0.007031,0.002334,-0.004055,-0.001112,0.003246,0.0041,0.011245,0,0,0,0,-0.01668
0.322792188,0.279889487,0.953718927,0.907640372,0.008969,0.005065,-0.003008,-0.002306,-0.001241,0.0041,-0.01668,1,0,1,0,0.001616
0.27715513,0.322792188,0.953718927,0.953718927,-0.001031,0.003016,0.00086,0.000499,0.001958,0.0041,0.001616,0,1,0,1,0.008871
0.268344425,0.27715513,0.876564137,0.953718927,0.001969,0.000669,-0.000353,-0.001325,0.000432,0.0041,0.008871,0,0,0,0,-0.003997
0.183873979,0.268344425,0.929608055,0.876564137,0.006969,0.0008,0.000693,0.002827,-0.002191,0.0041,-0.003997,0,0,1,0,-0.004815
0.296645477,0.183873979,0.866919788,0.929608055,-0.003031,0.000618,0.000622,-0.001335,0.0038,0.0041,-0.004815,1,0,0,1,-0.007258
0.310059476,0.296645477,0.885672689,0.866919788,-0.018031,-0.003875,0.005767,0.002699,0.002326,0.0041,-0.007258,1,1,1,0,-0.047929
0.303320254,0.310059476,0.936037621,0.885672689,0.006969,0.001895,-0.001472,-0.000527,0.00055,0.0041,-0.047929,0,1,1,1,0.004266
0.281371748,0.303320254,0.86102602,0.936037621,-0.003031,0.000825,-0.001331,-0.000976,0.001124,0.0041,0.004266,0,0,0,1,0.002549
0.266217704,0.281371748,0.776905867,0.86102602,0.003969,0.001369,-0.00045,-0.000619,0.001741,0.0041,0.002549,0,0,0,0,0.000847
0.354693016,0.266217704,0.662245277,0.776905867,0.002969,0.002909,-0.003481,-0.001602,0.000139,0.0041,0.000847,1,0,0,0,-0.010161
0.289547198,0.354693016,0.856203845,0.662245277,0.015969,0.005071,-0.007815,-0.005767,-0.000708,0.0041,-0.010161,0,1,1,0,0.041061
0.346278194,0.289547198,0.873349354,0.856203845,0.004969,0.002987,-0.002529,-0.003641,0.002109,0.0041,0.041061,1,0,1,1,-0.006574
0.405430523,0.346278194,0.803159927,0.873349354,-0.001031,0.004051,-0.003312,-0.000224,0.002183,0.0041,-0.006574,1,1,0,1,-0.004136
0.281215236,0.405430523,0.831021379,0.803159927,0.000969,0.001932,-0.000052,-0.000645,0.000455,0.0041,-0.004136,0,1,1,0,-0.010797
0.328168835,0.281215236,0.745829632,0.831021379,-0.000031,-0.001381,0.001966,0.000638,0.002649,0.0041,-0.010797,1,0,0,1,-0.002519
0.329393312,0.328168835,0.76136775,0.745829632,-0.008031,-0.001801,0.003906,-0.000871,0.002117,0.0041,-0.002519,1,1,1,0,-0.016835
0.341398703,0.329393312,0.833700365,0.76136775,0.013969,0.002198,-0.000115,-0.00017,-0.00001,0.0041,-0.016835,1,1,1,1,0.029966
0.321807083,0.341398703,0.921571098,0.833700365,-0.000031,0.002364,0.00056,-0.003285,0.005071,0.0041,0.029966,0,1,1,1,-0.014131
0.281316508,0.321807083,0.873885151,0.921571098,0.000969,0.002279,0.000046,0.002461,-0.004854,0.0041,-0.014131,0,0,0,1,0.006745
0.271134022,0.281316508,0.847631091,0.873885151,0.000969,-0.004579,0.005041,0.002031,0.002076,0.0041,0.006745,0,0,0,0,-0.0134
0.323114418,0.271134022,0.910319357,0.847631091,0.010969,-0.00271,0.003827,-0.003817,0.000973,0.0041,-0.0134,1,0,1,0,0.01528
0.354610157,0.323114418,0.869598774,0.910319357,0.001969,0.00388,-0.000274,-0.005146,0.001446,0.0041,0.01528,1,1,0,1,0.004181
0.333554689,0.354610157,0.788693404,0.869598774,-0.005031,0.002485,-0.00156,0.000271,0.000152,0.0041,0.004181,0,1,0,0,-0.009159
0.24825565,0.333554689,0.782263839,0.788693404,-0.002031,0.002999,-0.002145,0.001214,0.000272,0.0041,-0.009159,0,0,0,0,0.005042
0.296249594,0.24825565,0.75386659,0.782263839,-0.004031,-0.005915,0.005137,0.005171,-0.00146,0.0041,0.005042,1,0,0,0,-0.004181
0.278563738,0.296249594,0.778513259,0.75386659,-0.001031,0.002025,0.00228,-0.001586,-0.000101,0.0041,-0.004181,0,1,1,0,-0.015953
0.25886164,0.278563738,0.679926583,0.778513259,0.007969,0.007432,-0.002645,-0.001238,-0.000995,0.0041,-0.015953,0,0,0,1,0.005119
0.234068298,0.25886164,0.861561817,0.679926583,-0.007031,0.004322,-0.001165,-0.001349,0.002978,0.0041,0.005119,0,0,1,0,-0.027165
0.238027131,0.234068298,0.781192244,0.861561817,0.007969,0.002169,0.001596,-0.003096,0.002081,0.0041,-0.027165,1,0,0,1,0.002618
0.452908898,0.238027131,0.737256878,0.781192244,-0.003031,0.001766,0.000254,-0.004016,0.001181,0.0041,0.002618,1,1,0,0,-0.001741
0.358928046,0.452908898,0.747437024,0.737256878,0.001969,0.000553,0.004639,-0.003496,0.005258,0.0041,-0.001741,0,1,1,0,-0.003487
0.390423785,0.358928046,0.751723401,0.747437024,0.004969,0.001998,-0.003199,0.000655,0.000272,0.0041,-0.003487,1,0,1,1,0.009624
0.351765321,0.390423785,0.694928903,0.751723401,-0.006031,0.000444,0.001173,-0.000042,0.003182,0.0041,0.009624,0,1,0,1,-0.018198
0.355604468,0.351765321,0.690106729,0.694928903,0.012969,0.004985,0.000959,-0.002432,0.001895,0.0041,-0.018198,1,0,0,0,0.015887
0.31234271,0.355604468,0.730827312,0.690106729,0.006969,-0.002878,0.004109,-0.005846,0.004097,0.0041,0.015887,0,1,1,0,0.003475
0.291029459,0.31234271,0.85352486,0.730827312,0.003969,-0.001364,0.001326,-0.001508,-0.000052,0.0041,0.003475,0,0,1,1,0.017316
0.352621533,0.291029459,0.847631091,0.85352486,0.000969,0.005524,-0.006781,0.000685,-0.002931,0.0041,0.017316,1,0,0,1,0.004255
0.279143753,0.352621533,0.778513259,0.847631091,-0.000031,0.000688,-0.003048,0.00017,-0.001057,0.0041,0.004255,0,1,0,0,0.001695
0.28187811,0.279143753,0.723326152,0.778513259,-0.000031,-0.003383,0.002735,-0.000846,0.002513,0.0041,0.001695,1,0,0,0,-0.010152
0.320435301,0.28187811,0.713681803,0.723326152,-0.004031,0.004125,-0.000553,0.005078,-0.003642,0.0041,-0.010152,1,1,0,0,-0.004274
0.301644655,0.320435301,0.758688764,0.713681803,0.006969,0.000207,0.007543,0.003661,0.000733,0.0041,-0.004274,0,1,1,0,-0.007725
0.303099296,0.301644655,0.743686444,0.758688764,0.009969,0.000886,0.001397,-0.001362,0.005585,0.0041,-0.007725,1,0,0,1,0.011246
0.247288958,0.303099296,0.707252238,0.743686444,-0.002031,-0.003427,0.002947,0.002391,-0.000873,0.0041,0.011246,0,1,0,0,-0.008554
0.256826984,0.247288958,0.745829632,0.707252238,-0.001031,-0.006426,0.005064,0.001341,-0.001141,0.0041,-0.008554,1,0,1,0,-0.015531
0.299425867,0.256826984,0.716896586,0.745829632,0.006969,-0.006333,0.003138,0.003238,-0.001343,0.0041,-0.015531,1,1,0,1,0.019281
0.296442932,0.299425867,0.742079052,0.716896586,0.003969,-0.006268,0.00496,0.000523,0.005211,0.0041,0.019281,0,1,1,0,-0.00172
0.306211123,0.296442932,0.705109049,0.742079052,-0.000031,-0.017068,0.005103,0.010244,-0.000963,0.0041,-0.00172,1,0,0,1,-0.007752
0.254313585,0.306211123,0.682069772,0.705109049,-0.009031,0.00503,-0.007855,0.00034,-0.006959,0.0041,-0.007752,0,1,0,0,0.002604
0.231775857,0.254313585,0.731898907,0.682069772,0.006969,-0.001846,0.00492,-0.001997,0.005987,0.0041,0.002604,0,0,1,0,0.015584
0.439752684,0.231775857,0.687427743,0.731898907,-0.010031,-0.009331,0.007901,0.004942,0.008101,0.0041,0.015584,1,0,0,1,-0.022165
0.262378556,0.439752684,0.735113689,0.687427743,-0.011031,0.005242,-0.00306,-0.003235,-0.00339,0.0041,-0.022165,0,1,1,0,0.000872
0.307969581,0.262378556,0.753330793,0.735113689,-0.001031,0.006778,-0.003345,-0.002718,0.00085,0.0041,0.000872,1,0,1,1,-0.009582
0.219107592,0.307969581,0.708323832,0.753330793,0.006969,0.005702,-0.002533,-0.006247,0.00312,0.0041,-0.009582,0,1,0,1,0.004398
0.246616877,0.219107592,0.782799636,0.708323832,-0.003031,-0.001848,0.002728,0.000369,0.001637,0.0041,0.004398,1,0,1,0,-0.010508
0.290532303,0.246616877,0.811732682,0.782799636,0.004969,-0.005632,0.008319,0.003485,0.004313,0.0041,-0.010508,1,1,1,1,-0.017699
0.290854533,0.290532303,0.888351674,0.811732682,-0.030031,-0.023112,0.025287,0.011983,0.005643,0.0041,-0.017699,1,1,1,1,-0.07027
0.240871966,0.290854533,0.839058337,0.888351674,0.000969,0.002821,-0.00184,-0.004543,0.008218,0.0041,-0.07027,0,1,0,1,-0.001938
0.349215096,0.240871966,0.861561817,0.839058337,-0.005031,0.003117,0.001756,-0.000073,0.007761,0.0041,-0.001938,1,0,1,0,-0.021359
0.289013216,0.349215096,0.804231522,0.861561817,-0.006031,0.01714,-0.014786,-0.008168,0.001182,0.0041,-0.021359,0,1,0,1,0.006944
0.287595401,0.289013216,0.694393106,0.804231522,0.003969,0.010039,-0.008166,-0.002051,0.000203,0.0041,0.006944,0,0,0,0,0.009852
0.244388883,0.287595401,0.754402387,0.694393106,-0.002031,0.003862,0.003426,-0.000972,0.007085,0.0041,0.009852,0,0,1,0,-0.000976
0.258539409,0.244388883,0.732434704,0.754402387,-0.005031,0.004202,-0.005161,0.000186,-0.001244,0.0041,-0.000976,1,0,0,1,-0.003906
0.279438364,0.258539409,0.757081373,0.732434704,0.009969,-0.00227,0.002528,0.001364,0.004975,0.0041,-0.003906,1,1,1,0,0.002941
0.217864702,0.279438364,0.696000498,0.757081373,-0.000031,-0.001445,0.000288,0.003076,0.006375,0.0041,0.002941,0,1,0,1,-0.001955
0.241286263,0.217864702,0.67296122,0.696000498,-0.009031,-0.004863,0.000925,0.002106,-0.001614,0.0041,-0.001955,1,0,0,0,0
0.241056098,0.241286263,0.721718761,0.67296122,0.004969,0.002615,0.000074,0.002097,-0.001536,0.0041,0,0,1,1,0,0.002938
0.245134617,0.241056098,0.713681803,0.721718761,-0.001031,0.007441,-0.00201,-0.002784,-0.00107,0.0041,0.002938,1,0,0,1,-0.004883
0.239095095,0.245134617,0.6579589,0.713681803,-0.004031,0.000852,-0.000452,-0.002235,0.002082,0.0041,-0.004883,0,1,0,0,0.000981
0.243247266,0.239095095,0.678319192,0.6579589,-0.002031,-0.00035,0.002177,-0.000229,-0.000664,0.0041,0.000981,1,0,1,0,0.002941
0.218849807,0.243247266,0.779584853,0.678319192,0.002969,-0.001247,0.000114,0.003581,-0.000497,0.0041,0.002941,0,1,1,1,0.030303
0.21034292,0.218849807,0.855668048,0.779584853,0.009969,0.00139,0.001475,-0.003418,0.000852,0.0041,0.030303,0,0,1,1,-0.006641
0.218205346,0.21034292,0.836379351,0.855668048,0.008969,0.002844,-0.003965,-0.001181,0.000011,0.0041,-0.006641,1,0,0,1,0.008596
0.207599357,0.218205346,0.822984422,0.836379351,0.001969,-0.000975,0.000689,-0.001141,0.007959,0.0041,0.008596,0,1,0,0,-0.008523